VALS	20	10	3
PUT	1756
PUT	1593
GET	1737
PUT	1147
PUT	5421
PUT	7850
PUT	9231
PUT	5431
PUT	9637
GET	1913
GET	1929
PUT	11564
GET	9280
GET	1126
PUT	15529
PUT	12488
PUT	4865
PUT	4870GET	
7968
PUT	3363
GET	10850
PUT	3379
PUT	371
GET	2134
GET	4901
GET	2104
GET	5618
GET	3951
PUT	5887
PUT	2105
GET	7125
GET	4991
PUT	1688
PUT	3656
GET	628
GET	2530
PUT	5314
PUT	496
PUT	7085
GET	765
GET	640
PUT	3448
GET	2023
GET	5085
GET	4371
PUT	878
PUT	4712
GET	4289
GET	4443
GET	4753
GET	1001629
GET	1001141
PUT	3196
GET	499
PUT	11257
PUT	8188
GET	3434
GET	10452
PUT	549
GET	2198
VALS	20	15	3
PUT	PUT	PUT	652
561
485
GET	300
PUT	410
GET	312
PUT	827
PUT	2441
PUT	2098
GET	185
PUT	707
PUT	3561
GET	2844
GET	1512
PUT	4956
PUT	4375
PUT	1108
PUT	1357
GET	502
GET	545
PUT	3535
GET	471
PUT	5714
GET	6199
PUT	3150
PUT	8981
PUT	9015
PUT	9018
PUT	8883
GET	1255
GET	5483
GET	5971
PUT	979
GET	8811
PUT	9953
GET	273
PUT	9418
GET	7385
GET	12694
GET	265
GET	7424
PUT	9144
GET	5975
PUT	6384
PUT	6134
GET	10461
GET	8849
GET	617
PUT	7589
PUT	678
GET	16634
GET	1502
PUT	3442
PUT	8588
GET	10577
PUT	3702
PUT	5113
PUT	3902
GET	6397
GET	5158
GET	3777
GET	4996
PUT	660
PUT	5288
GET	423
PUT	8089
GET	3492
PUT	8059
PUT	2417
GET	6562
PUT	6841
PUT	4321
GET	284
GET	3565
GET	5764
GET	4537
PUT	876
GET	6297
PUT	4982
GET	4553
GET	1338
GET	4516
GET	4213
PUT	4324
PUT	3475
GET	3901
PUT	3550
GET	129
GET	3498
GET	3696
VALS	20	20	3
PUT	3506
PUT	2021
PUT	9136
PUT	6658
PUT	10865
PUT	8708
PUT	9356
PUT	6506
GET	2597
PUT	8552
PUT	10489
PUT	14311
GET	978
PUT	16567
PUT	16790
GET	6155
PUT	14706
GET	6164
GET	14596
PUT	17847
PUT	4655
PUT	19375
GET	802
PUT	20413
PUT	2543
GET	14201
GET	2401
PUT	800
GET	8259
PUT	22582
GET	12325
GET	11474
GET	15484
PUT	19347
PUT	7296
GET	8677
GET	712
PUT	21361
PUT	3785
GET	9257
GET	2392
PUT	6510
PUT	9343
GET	15821
PUT	4046
PUT	15868
GET	2397
PUT	9878
PUT	993
GET	285
PUT	870
GET	10121
PUT	5667
PUT	8429
GET	4815
GET	10744
GET	17021
GET	6594
PUT	11305
GET	14016
PUT	1462
GET	15721
GET	919
GET	7634
GET	6955
GET	6448
GET	17972
PUT	9325
PUT	12551
PUT	11234
PUT	928
GET	12577
PUT	3986
GET	553
PUT	13217
PUT	5396
GET	947
GET	4847
PUT	3170
PUT	1031
GET	2433
GET	12402
PUT	723
GET	410
PUT	302
PUT	588
PUT	4522
GET	7922
GET	2209
PUT	5181
GET	8921
GET	1430
PUT	9808
PUT	10961
GET	6730
GET	4536
PUT	6330
GET	5428
PUT	3895
PUT	4886
GET	1776
PUT	7121
GET	5299
PUT	7868
GET	1447
PUT	3254
GET	8723
GET	8125
GET	2928
GET	3671
PUT	1804
GET	5955
GET	5067
GET	3107
GET	4024
GET	2310
GET	1000390
GET	1001290
PUT	1965
GET	768
VALS	20	25	3
PUT	841
PUT	2122
PUT	3572
GET	2761
PUT	1711
PUT	2210
PUT	6488
PUT	3272
PUT	3050
GET	2463
GET	1240
PUT	8418
GET	6804
PUT	3587
GET	4079
PUT	7637
PUT	4053
PUT	12231
PUT	12536
GET	7730
GET	403
PUT	14203
PUT	5816
PUT	13629
GET	5220
PUT	17372
GET	9382
PUT	4486
GET	1011
PUT	18690
GET	10041
GET	4546
PUT	19475
PUT	20234
PUT	20009
PUT	1931
GET	612
PUT	11424
PUT	21626
PUT	4514
PUT	17339
PUT	19787
GET	1010
GET	10444
GET	3559
PUT	6791
PUT	799
PUT	3242
PUT	24117
GET	1001
PUT	5867
GET	18820
GET	21023
GET	7756
PUT	2590
PUT	26459
PUT	25396
GET	2962
PUT	1761
GET	4966
GET	2574
GET	9134
GET	17238
PUT	1034
GET	4073
PUT	21189
PUT	16030
GET	529
PUT	1818
GET	1679
PUT	6865
PUT	11890
GET	324
GET	1651
PUT	2839
PUT	3890
GET	9412
GET	9889
GET	12548
GET	10978
PUT	GET	21741610

PUT	8165
PUT	5654
PUT	1275
GET	14575
GET	9334
GET	4051
PUT	10073
GET	3374
GET	9382
PUT	11979
GET	12523
GET	10678
PUT	809
GET	411
GET	11496
GET	4575
GET	4649
PUT	7643
GET	3351
PUT	1086
PUT	2603
GET	5967
PUT	7183
PUT	10477
GET	10231
PUT	8373
PUT	2559
GET	603
GET	10699
GET	1288
PUT	6281
GET	1695
PUT	9385
PUT	4818
GET	489
PUT	1335
GET	2032
GET	2350
GET	6324
GET	3947
GET	1072
GET	1882
PUT	3344
GET	2569
GET	6028
PUT	7161
PUT	5264
PUT	2344
PUT	6328
GET	2350
PUT	4068
PUT	4995
PUT	3096
GET	3080
GET	3074
GET	891
GET	2412
GET	3000
GET	3957
GET	3371
GET	1003442
GET	1003636
PUT	4247
GET	1003
PUT	7342
PUT	5614
GET	4522
GET	2913
VALS	20	30	3
PUT	PUT	1070988

PUT	1035
GET	137
PUT	1311
PUT	1742
PUT	2102
PUT	1438
GET	497
PUT	2482
PUT	2611
PUT	1496
PUT	464
GET	587
PUT	973
GET	2430
PUT	3661
GET	548
PUT	1438
PUT	4315
GET	3060
PUT	3253
PUT	2371
PUT	773
GET	2493
PUT	6974
PUT	7067
PUT	5138
PUT	7545
PUT	6525
GET	5914
GET	4559
PUT	8288
GET	4331
PUT	5727
GET	1425
PUT	8559
GET	1777
PUT	7033
PUT	7778
PUT	3143
PUT	1331
PUT	7446
GET	4906
PUT	10351
GET	3256
PUT	1758
PUT	10665
GET	4931
PUT	11022
GET	2077
PUT	9395
GET	1683
PUT	639
GET	3349
PUT	9193
PUT	551
GET	972
PUT	2323
GET	1213
GET	857
GET	381
PUT	1718
GET	3868
PUT	5771
PUT	5397
PUT	10860
GET	4900
GET	1378
GET	13391
GET	8755
PUT	3295
PUT	404
PUT	739
GET	6816
GET	7794
GET	7262
GET	1367
GET	4676
PUT	3217
GET	941
PUT	464
PUT	957
PUT	2178
PUT	12761
GET	7485
GET	875
PUT	2377
GET	6179
PUT	4215
PUT	8241
GET	8509
PUT	10717
PUT	1183
GET	5497
GET	5790
PUT	6876
GET	4011
PUT	874
GET	5344
PUT	8477
GET	5974
GET	841
PUT	4675
PUT	6040
GET	1025
GET	11294
GET	695
GET	3082
GET	3723
PUT	718
PUT	3727
GET	3735
PUT	3271
GET	3062
GET	4668
PUT	3060
PUT	916
GET	786
GET	6028
GET	2898
PUT	796
GET	8264
GET	8075
PUT	2332
GET	8496
PUT	872
PUT	2574
GET	3065
GET	2365
PUT	10577
GET	221
PUT	4877
PUT	2193
GET	2810
GET	4825
PUT	6883
GET	3414
PUT	4449
GET	3602
PUT	7235
PUT	5263
GET	2328
GET	7102
GET	4056
GET	4814
GET	3460
GET	4007
GET	3832
PUT	2618
GET	3704
GET	GET	10009791000903

PUT	374
GET	1003662
GET	1000885
PUT	2587
PUT	1971
GET	317
GET	1422
GET	4127
PUT	3183
PUT	553
GET	1001277
PUT	236
PUT	2058
PUT	2180
GET	607
GET	778
PUT	245
GET	2300
GET	1001891
GET	4199
PUT	614
PUT	2490
GET	3497
GET	1113
GET	3614
GET	1000987
GET	1007100
VALS	20	35	3
PUT	1909
PUT	2380
GET	839
PUT	2082
PUT	4513
PUT	4766
PUT	5521
GET	1805
PUT	6165
PUT	6976
GET	2804
PUT	10291
PUT	2780
PUT	10832
PUT	10840
PUT	11617
PUT	1891
GET	7995
PUT	4832
GET	1669
GET	4373
PUT	7178
GET	4710
PUT	1829
PUT	17363
GET	6000
PUT	10261
PUT	922
PUT	17357
GET	3713
PUT	16240
PUT	18978
PUT	6922
PUT	22796
PUT	17750
PUT	13402
PUT	20534
PUT	22288
PUT	20650
PUT	21713
PUT	16839
GET	21013
PUT	25955
PUT	13362
PUT	26487
PUT	26811
PUT	27326
PUT	23669
GET	26209
PUT	3249
PUT	28876
PUT	23053
PUT	21162
GET	5018
GET	5574GET	
5292
PUT	16151
GET	24533
PUT	1186
GET	7392
GET	21290
GET	3578
PUT	455
PUT	2196
PUT	24610
GET	6141
GET	12925
GET	10829
GET	14722
PUT	1994
GET	23731
GET	11821
PUT	1576
GET	20564
PUT	7415
GET	24479
GET	13239
GET	10772
GET	19308
GET	2731
PUT	5529
GET	18345
PUT	907
PUT	4371
PUT	3911
PUT	3828
PUT	1957
PUT	18500
GET	12250
GET	9784
GET	10359
GET	19670
GET	2415
PUT	6822
GET	17536
GET	13236
PUT	10225
GET	19322
GET	9417
PUT	5025
GET	2039
GET	5319
GET	15515
GET	7876
PUT	954
PUT	12764
GET	10976
GET	5008
PUT	4592
GET	709
GET	12913
PUT	9259
PUT	5650
GET	7309
GET	12060
GET	3427
PUT	4185
GET	4702
PUT	5010
GET	2230
PUT	7888
GET	9210
PUT	7487
PUT	9775
GET	250
PUT	606
PUT	6885
GET	4737
PUT	12772
GET	811
GET	10085
PUT	5724
GET	4028
PUT	12777
GET	10676
PUT	4129
PUT	10348
PUT	7556
PUT	8249
GET	5020
GET	2061
PUT	676
PUT	4227
GET	1984
GET	8742
PUT	9215
PUT	11530
GET	283
GET	3146
GET	6546
GET	7589
PUT	8547
PUT	8648
PUT	6064
GET	6728
GET	9650
GET	8504
PUT	8996
PUT	1080
GET	8268
PUT	11294
PUT	8398
PUT	6852
GET	7231
GET	3598
PUT	8028
GET	12016
GET	5439
GET	8434
GET	6782
GET	5271
GET	5799
GET	10205
PUT	8378
PUT	6076
PUT	8730
PUT	7320
GET	8427
GET	7535
GET	4216
GET	2887
GET	9223
GET	3428
GET	3928
GET	4076
PUT	4374
GET	5536
GET	1012167
GET	1002136
PUT	651
PUT	7187
GET	1000824
PUT	334
GET	1081
GET	548
PUT	852
GET	1098
GET	6265
GET	1002437
GET	1002982
PUT	949
PUT	4547
GET	1001561
GET	4831
GET	5323
PUT	5992
PUT	1214
GET	254
GET	4559
GET	1002895
VALS	20	40	3
PUT	1912
PUT	2677
PUT	3795
PUT	5096
PUT	1193
GET	1694
GET	1442
PUT	3654
PUT	5500
PUT	7188
PUT	3175
PUT	5814
PUT	8912
PUT	8081
PUT	4578
PUT	4860
PUT	8811
PUT	5477
PUT	5530
PUT	7376
PUT	6495
GET	788
PUT	5223
PUT	7132
PUT	8099
PUT	7880
PUT	8839
GET	11574
PUT	9950
GET	8198
PUT	13933
PUT	9381
GET	1841
PUT	9967
GET	3766
PUT	649
GET	5839
GET	5456
PUT	16338
GET	10740
PUT	6356
GET	8147
PUT	1764
GET	8729
GET	10009
GET	9254
PUT	14356
PUT	19571
PUT	14706
GET	4805
GET	10446
PUT	5447
PUT	15423
PUT	2051
PUT	18861
PUT	17443
PUT	16761
GET	11299
GET	12756
PUT	20048
GET	1988
PUT	22038
PUT	7408
GET	14950
PUT	18681
PUT	1842
PUT	6825
GET	8320
PUT	2935
GET	5828
PUT	18769
GET	14895
PUT	21141
PUT	1145
PUT	8160
GET	561
GET	6597
GET	6970
PUT	8430
PUT	21491
GET	13468
GET	5666
GET	15635
GET	16497
PUT	12742
GET	13706
GET	14766
PUT	7971
GET	17490
PUT	3329
GET	2576
GET	4248
PUT	3064
PUT	996
PUT	10625
PUT	14282
GET	673
GET	9927
PUT	17436
PUT	5094
GET	9805
GET	14591
PUT	2234
GET	700
GET	17420
GET	2824
GET	13344
GET	1571
PUT	10379
PUT	1163
GET	4733
PUT	5230
GET	10559
PUT	1024
GET	15382
PUT	15154
PUT	5774
GET	15165
GET	6462
GET	11649
GET	14846
PUT	7816
GET	13515
GET	4374
PUT	2189
GET	3175
PUT	9772
GET	7725
GET	5043
PUT	3818
PUT	11460
PUT	3054
GET	15472
PUT	3763
GET	1222
GET	1219
PUT	3381
GET	16086
PUT	9752
PUT	8509
PUT	16316
GET	16281
PUT	17705
PUT	8352
GET	12918
GET	7460
PUT	10310
GET	1483
GET	9213
PUT	12032
GET	11276
GET	12893
PUT	13324
PUT	142
PUT	7779
PUT	15499
GET	6352
PUT	4234
PUT	8421
GET	5615
PUT	6376
GET	3426
PUT	8733
GET	9758
PUT	10214
PUT	696
PUT	7883
GET	1269
GET	10022
GET	7063
GET	10631
GET	1252
GET	9479
GET	4583
PUT	5553
GET	4571
GET	2122
GET	3620
PUT	10791
GET	8466
GET	5574
GET	714
PUT	7067
GET	11826
GET	10845
GET	5275
PUT	9792
PUT	10117
PUT	12612
PUT	7005
PUT	5497
PUT	3135
PUT	2111
GET	8217
GET	6995
PUT	5854
PUT	7053
PUT	3452
GET	10903
PUT	7609
GET	7065
GET	2356
GET	5185
GET	3724
GET	4205
PUT	6992
GET	5126
GET	4562
PUT	3350
GET	6255
GET	4770
GET	3470
GET	GET	74424622

GET	1234
GET	5506
GET	4087
GET	1000921
GET	1001749
PUT	3647
PUT	8244
GET	1719
PUT	840
GET	1927
PUT	828
GET	1000828
PUT	603
GET	1811
GET	3731
GET	5573
GET	1005306
GET	1002348
GET	1001660
PUT	8465
PUT	7994
GET	310
GET	4470
GET	1002728
PUT	15934
GET	508129
VALS	20	45	3
PUT	2938
PUT	3685
PUT	5170
PUT	8021
GET	4879
PUT	8385
PUT	10078
PUT	2714
PUT	3442
PUT	6082
PUT	9028
PUT	13600
PUT	4584
PUT	9059
PUT	14047
PUT	14688
PUT	10194
PUT	6708
PUT	9808
PUT	14185
PUT	11644
GET	10625
PUT	9593
PUT	18082
PUT	10347
PUT	14660
GET	7813
GET	6987
PUT	23632
PUT	19028
PUT	24347
GET	4041
GET	13352
PUT	5875
PUT	21945
PUT	25374
PUT	21548
GET	10586
PUT	1787
GET	16907
PUT	15765
PUT	19092
PUT	17671
GET	22889
PUT	1071
GET	10775
PUT	1114
PUT	21002
PUT	28821
PUT	22612
PUT	29680
GET	5131
GET	13906
GET	18703
GET	10982
GET	5761
PUT	24936
PUT	2454
GET	16310
PUT	2198
GET	8592
PUT	25277
PUT	31833
GET	10930
GET	9807
GET	2517
GET	10928
GET	13928
PUT	5792
PUT	32892
GET	22178
GET	20233
PUT	8940
PUT	2059
PUT	948
GET	8407
PUT	31101
GET	9820
PUT	3068
PUT	16530
GET	1421
GET	6442
GET	962
GET	9865
PUT	39701
GET	14247
GET	30414
GET	4105
PUT	1696
GET	3909
PUT	34888
PUT	372
GET	3998
GET	1127
PUT	4589
PUT	5221
PUT	32871
PUT	8609
PUT	38984
PUT	10316
GET	17773
PUT	12464
GET	12292
PUT	23389
PUT	6109
PUT	11557
PUT	6804
GET	17538
PUT	11167
GET	12092
GET	2560
GET	1338
PUT	417
GET	2834
GET	13691
GET	4814
PUT	2750
GET	22898
GET	22579
PUT	11761
PUT	23625
GET	8676
GET	30150
PUT	7578
GET	27481
PUT	26885
PUT	6457
PUT	19532
PUT	1103
PUT	20219
GET	339
GET	294
GET	25586
GET	7379
PUT	2248
GET	24582
GET	8080
GET	9046
GET	18053
GET	16033
PUT	19999
PUT	16840
PUT	2242
PUT	8628
PUT	3731
PUT	9277
PUT	5708
GET	8391
GET	3915
GET	9601
GET	4481
GET	6216
PUT	16276
GET	12346
GET	7200
GET	13425
GET	14024
GET	24657
PUT	6401
PUT	6266
PUT	12060
PUT	11291
GET	10153
GET	1298
GET	1861
PUT	13155
PUT	11763
GET	13532
GET	10855
PUT	16133
GET	17270
PUT	14718
GET	13527
PUT	23275
GET	3889
GET	26651
GET	23777
PUT	13086
GET	2167
GET	2524
PUT	11832
GET	16077
GET	21735
GET	21120
GET	17669
GET	3820
PUT	14949
GET	18038
PUT	23284
PUT	5005
PUT	5421
PUT	570
GET	363
GET	21027
PUT	7228
PUT	6212
PUT	20472
GET	5777
PUT	1292
PUT	6155
PUT	6391
PUT	3974
PUT	17399
PUT	6830
PUT	5097
GET	2230
GET	1503
GET	9077
GET	9019
PUT	12350
GET	1826
GET	4210
PUT	20149
GET	8640
PUT	8740
GET	3382
PUT	1445
GET	3302
GET	2534
GET	4819
GET	8616
GET	7713
GET	8371
GET	8334
GET	7187
PUT	1235
GET	5918
GET	247
GET	3729
PUT	2119
GET	4134
GET	4083
PUT	4066
GET	115
PUT	3065
GET	1652
PUT	2922
GET	3360
GET	3377
GET	1052938
GET	1049024
GET	1041930
GET	1005344
GET	1049079
GET	1024004
GET	1047763
PUT	1633
PUT	2867
PUT	3117
PUT	3691
PUT	3897
PUT	4611
GET	1467
GET	236
GET	1876
GET	803
GET	1007116
PUT	1281
PUT	2533
GET	1967
GET	893
PUT	4257
GET	2499
GET	1000770
GET	1002410
GET	1005313
PUT	862
GET	1992
PUT	5700
GET	876
VALS	20	50	3
PUT	1011
PUT	2934
PUT	2320
PUT	8138
PUT	1472
PUT	8532
PUT	8830
PUT	9363
GET	1215
PUT	1999
PUT	11620
PUT	6892
PUT	12651
PUT	10941
PUT	5344
PUT	11683
PUT	8864
PUT	10960
GET	7618
PUT	8464
PUT	7759
PUT	8704
GET	4773
GET	6588
GET	4709
PUT	14750
GET	10052
PUT	6945
PUT	12893
GET	6637
PUT	13825
GET	9131
PUT	4653
PUT	3272
GET	6568
PUT	18086
PUT	22994
PUT	18028
PUT	4588
PUT	1871
PUT	14858
PUT	26148
PUT	23861
GET	19246
PUT	29237
PUT	7825
PUT	8710
PUT	27792
PUT	20400
PUT	30516
PUT	27098
PUT	30309
GET	15699
GET	11355
GET	12697
PUT	686
GET	2979
PUT	14261
PUT	19642
PUT	30571
PUT	34150
GET	22451
GET	9998
PUT	35056
PUT	30921
GET	29417
PUT	35097
PUT	34573
GET	11674
GET	3080
GET	1835
PUT	36257
PUT	36959
GET	28349
GET	23842
GET	16130
PUT	3234
PUT	2367
PUT	9090
PUT	5252
GET	11023
PUT	48239
GET	19740
GET	14640
PUT	14797
PUT	18137
PUT	35730
GET	24206
PUT	20011
GET	18374
GET	26292
PUT	36542
PUT	39241
GET	16908
GET	31401
PUT	44196
GET	11398
GET	826
PUT	279
GET	16165
GET	43941
PUT	19204
GET	4391
PUT	173
GET	13673
PUT	5108
PUT	18370
PUT	39577
GET	26237
GET	30535
GET	1063
GET	42769
GET	21176
PUT	22163
PUT	47811
GET	23282
GET	28917
GET	28043
GET	780
PUT	568
PUT	3800
PUT	11397
PUT	9278
GET	26150
GET	32046
PUT	26318
PUT	24108
GET	31490
PUT	13281
PUT	13808
PUT	3236
PUT	12978
GET	28988
GET	8657
GET	33763
GET	22887
PUT	11962
GET	15058
GET	15178
PUT	3499
GET	3322
GET	4434
GET	3139
PUT	2564
GET	4022
PUT	7533
GET	26141
GET	2439
PUT	34864
PUT	15753
PUT	12838
PUT	2427
GET	5623
GET	7353
PUT	16006
GET	9632
GET	16167
PUT	28462
GET	16481
PUT	11256
PUT	5232
PUT	6051
PUT	840
PUT	3547
PUT	16490
GET	14622
GET	19895
PUT	227
GET	870
GET	23276
GET	3531
GET	3660
PUT	18740
GET	201
GET	6702
GET	9267
GET	5406
PUT	7428
GET	6408
PUT	11308
GET	23825
PUT	20209
GET	27806
PUT	14119
GET	15280
GET	8807
GET	878
PUT	514
PUT	14625
GET	7080
GET	10519
PUT	1724
GET	15751
PUT	13427
GET	247
PUT	14848
GET	7454
PUT	17908
GET	4337
GET	2207
GET	14247
GET	2079
PUT	4979
PUT	15537
PUT	928
GET	12208
PUT	10073
PUT	9236
GET	19090
GET	1096
PUT	6401
GET	6530
GET	7624
GET	12309
GET	9354
PUT	9408
PUT	12306
PUT	10486
PUT	2210
PUT	19719
PUT	6667
GET	5271
PUT	6265
GET	4352
PUT	11993
PUT	17820
GET	2463
GET	2475
GET	12658
GET	1059
GET	22190
GET	4814
PUT	7315
GET	8701
GET	4458
GET	3894
PUT	13449
GET	4596
GET	11563
GET	7482
GET	6608
PUT	287
GET	7700
PUT	5126
GET	4191
GET	1874
GET	3419
PUT	2667
GET	2480
PUT	4022
GET	2701
GET	2774
GET	1008520
GET	1001082
GET	1004662
PUT	5557
GET	1246
GET	1002759
GET	1003916
PUT	8928
GET	1002606
PUT	5806
PUT	2568
GET	870
GET	3340
PUT	11252
GET	427
GET	2464
PUT	8129
PUT	7043
PUT	4090
PUT	3591
GET	1591
PUT	4755
GET	1954
GET	1544
GET	4461
GET	5340
GET	1002186
PUT	3959
GET	475
PUT	4098
GET	2869
GET	1016826
PUT	3192
GET	323
PUT	1848
GET	272
GET	1005326
PUT	278
GET	1001146
PUT	1078
GET	110
GET	2930
GET	1000690
PUT	2486
GET	195
GET	1001759
PUT	2651
GET	800
VALS	20	55	3
PUT	828
PUT	625
GET	467
PUT	6248
PUT	6537
GET	1201
PUT	3097
PUT	5135
PUT	3234
PUT	3841
PUT	10410
PUT	5579
PUT	8168
PUT	7304
PUT	11026
PUT	8727
GET	625
GET	6954
PUT	15143
PUT	15256
PUT	10893
PUT	15897
PUT	11402
PUT	15026
PUT	17197
PUT	18509
PUT	16260
GET	9275
PUT	17759
PUT	16876
PUT	16437
PUT	22503
PUT	17281
GET	3166
PUT	20688
PUT	16585
GET	10524
PUT	5227
PUT	20178
GET	3268
GET	11123
GET	7996
PUT	3202
PUT	23567
PUT	24270
GET	19703
PUT	30136
GET	23705
PUT	30264
GET	6529
PUT	30427
PUT	26714
PUT	25590
PUT	26467
GET	23373
PUT	25906
GET	23132
PUT	25732
GET	1753
PUT	31868
GET	30108
PUT	2280
PUT	26929
PUT	18226
PUT	912
PUT	27100
PUT	8564
PUT	33262
PUT	30236
PUT	33922
PUT	30965
GET	18834
GET	1150
GET	1705
PUT	30498
PUT	30703
PUT	3282
GET	2615
GET	12260
GET	9322
GET	18666
GET	19848
PUT	32829
GET	14295
GET	1449
PUT	1770
PUT	1068
PUT	2442
PUT	32526
GET	1104
PUT	32064
GET	3382
PUT	7866
PUT	35526
GET	5386
PUT	9190
GET	24610
PUT	10636
GET	7341
PUT	35047
GET	4303
PUT	9503
PUT	1938
GET	8545
GET	4249
PUT	26874
PUT	7496
PUT	1006
GET	1123
GET	18205
GET	27317
GET	12637
GET	13006
PUT	12459
PUT	8191
GET	4793
PUT	37507
GET	8604
GET	30424
GET	8897
PUT	23277
PUT	10367
GET	16229
GET	16901
GET	191
PUT	19592
GET	29249
GET	13998
PUT	42916
PUT	8116
GET	6895
GET	17430
PUT	2203
PUT	1819
PUT	4278
GET	4556
PUT	15771
PUT	15466
GET	8620
GET	16108
GET	37283
GET	25723
GET	28605
PUT	24508
PUT	26653
PUT	21518
GET	20419
GET	33595
GET	24436
PUT	30024
PUT	23066
PUT	22704
GET	36115
GET	33985
PUT	5968
GET	40191
GET	747
GET	24238
PUT	25744
GET	18863
PUT	26891
GET	22856
PUT	7338
GET	1700
PUT	368
PUT	7767
PUT	1710
PUT	558
GET	1762
PUT	33828
GET	26194
GET	6342
GET	28797
PUT	3450
GET	30280
PUT	5742
GET	3003
GET	1162
GET	11728
PUT	35897
PUT	6282
GET	39551
PUT	12516
GET	41688
GET	35266
PUT	8679
GET	26670
GET	7762
GET	869
PUT	907
PUT	26237
PUT	27794
PUT	9160
GET	26805
GET	1239
PUT	7288
GET	8590
GET	1151
GET	12946
PUT	29086
GET	8768
PUT	6885
PUT	3520
GET	28710
PUT	34771
PUT	29531
GET	9845
PUT	29741
GET	28456
PUT	32973
PUT	20059
PUT	13583
PUT	14268
PUT	11187
PUT	13900
PUT	9395
PUT	5168
GET	4481
PUT	12035
GET	13114
GET	14372
GET	4587
GET	2026
GET	1907
GET	23166
GET	18867
PUT	6545
GET	17210
GET	11303
GET	16643
PUT	11799
GET	15131
GET	10396
GET	4553
GET	3651
GET	5626
GET	1031
GET	9527
PUT	13138
PUT	528
GET	13319
GET	12900
GET	6718
GET	8879
PUT	3358
PUT	5079
GET	13015
PUT	11241
PUT	6024
PUT	13023
PUT	5958
PUT	14260
GET	6470
PUT	5931
GET	10463
PUT	8960
PUT	5442
GET	11396
GET	926
PUT	7563
GET	14423
PUT	7503
GET	6464
GET	16241
GET	12333
PUT	5742
GET	4820
PUT	8653
GET	5744
GET	8321
GET	5404
PUT	7304
GET	6325
PUT	8559
GET	5044
GET	2457
GET	8025
GET	6793
GET	4803
GET	6583
GET	4303
GET	4242
GET	8754
PUT	3895
GET	3767
PUT	2981
GET	4484
PUT	7345
GET	1258
GET	1924
GET	3359
GET	1007804
GET	1004572
PUT	701
GET	1004943
PUT	672
GET	1632
PUT	867
PUT	2930
GET	3699
PUT	447
GET	2830
GET	4938
GET	6398
PUT	5232
GET	2897
GET	1002984
PUT	1607
GET	1002663
GET	168
PUT	658
PUT	923
GET	207
GET	1001651
PUT	903
GET	1531
PUT	2201
GET	132
PUT	870
GET	1001538
GET	2766
GET	1000236
PUT	752
GET	206
PUT	842
GET	158
GET	2437
GET	1003601
PUT	3847
GET	1773
VALS	20	60	3
PUT	3268
PUT	2945
PUT	3426
PUT	7526
PUT	8731
PUT	6257
PUT	3046
PUT	6434
GET	3997
PUT	11664
PUT	3479
PUT	9720
PUT	3857
GET	11039
GET	1842
PUT	4681
PUT	7926
PUT	2667
PUT	11149
GET	2453
GET	13655
PUT	6012
GET	8525
PUT	934
PUT	19600
PUT	8688
PUT	18219
PUT	21574
PUT	21910
PUT	15927
PUT	3322
GET	14512
PUT	12753
GET	647
PUT	23172PUT	
17564
PUT	18908
GET	6528
PUT	22259
GET	10107
GET	13069
GET	6465
PUT	2216
PUT	23143
PUT	30138
GET	4715
GET	28105
PUT	30190
PUT	29197
PUT	16496
PUT	7178
PUT	5013
PUT	29033
PUT	33979
PUT	21401
PUT	4671
PUT	24383
PUT	31677
GET	8140
GET	13529
PUT	26848
PUT	30260
GET	3561
PUT	31512
PUT	4760
PUT	27451
PUT	27125
GET	1660
PUT	30059
GET	12092
GET	15224
PUT	33907
GET	1991
PUT	19357
PUT	34215
PUT	31703
GET	1419
PUT	30652
PUT	41278
GET	30282
PUT	41398
GET	6849
GET	3002
PUT	3412
PUT	33979
PUT	38016
GET	11677
PUT	39026
PUT	41400
GET	18314
GET	1044
GET	10622
GET	30195
GET	21487
PUT	44541
GET	21683
PUT	13912
PUT	30489
GET	9723
GET	6440
GET	4100
PUT	34740
GET	26809
PUT	11275
PUT	10893
PUT	37161
GET	1603
GET	33984
PUT	45517
PUT	36517
GET	15636
PUT	6419
GET	17282
GET	36089
PUT	2695
GET	23285
PUT	892
PUT	40590
GET	17023
PUT	20611
PUT	7684
GET	1153
GET	591
PUT	3994
GET	14568
PUT	8066
PUT	26716
GET	12273
GET	2149
PUT	1724
PUT	4305
PUT	5083
GET	19356
GET	8266
PUT	38356
PUT	1576
GET	12329
GET	13329
GET	16697
GET	3866
GET	1203
PUT	11142
GET	23359
GET	13062
GET	20667
GET	2885
GET	23357
PUT	12308
PUT	13723
PUT	13999
PUT	51491
PUT	8504
PUT	16266
GET	30950
PUT	4580
PUT	20593
GET	2056
GET	12467
GET	11304
PUT	8273
PUT	19472
PUT	17065
PUT	13333
PUT	22836
GET	9957
GET	14099
GET	17822
GET	20554
PUT	17530
GET	39070
GET	16679
PUT	17405
GET	21416
PUT	17477
GET	6446
GET	30128
GET	17633
PUT	10654
GET	4070
PUT	25320
GET	4583
PUT	23749
GET	244
PUT	5593
PUT	1805
PUT	593
PUT	10759
GET	25254
PUT	19507
PUT	2711
GET	3667
PUT	5285
GET	7584
PUT	7814
GET	16806
GET	2529
PUT	3916
GET	2800
PUT	980
PUT	14893
GET	21069
PUT	14281
GET	12321
GET	25728
GET	25171
PUT	17366
GET	5014
PUT	22179
PUT	19484
GET	9589
PUT	4447
PUT	20942
PUT	18988
GET	11544
GET	12943
PUT	18239
PUT	8747
GET	2814
PUT	6412
PUT	4319
PUT	23247
GET	12877
GET	19717
GET	10433
GET	25497
GET	18151
GET	16249
GET	15417
GET	23577
PUT	26300
PUT	33824
PUT	30440
GET	38853
GET	41842
GET	24652
GET	32646
PUT	31417
GET	33371
GET	332
GET	28627
PUT	38224
GET	41433
PUT	31298
GET	40983
GET	35362
GET	20372
PUT	1438
GET	23652
GET	47812
PUT	24058
PUT	1822
PUT	1893
PUT	33897
GET	29691
PUT	28457
GET	4132
GET	40069
PUT	4335
GET	4327
PUT	39496
GET	32169
PUT	12805
GET	30286
GET	13791
PUT	4964
GET	26264
PUT	25321
PUT	36801
PUT	6248
GET	36185
GET	31991
PUT	35146
GET	7059
GET	26355
GET	1752
GET	2210
PUT	6763
PUT	6893
GET	1418
PUT	33205
PUT	9341
GET	4818
GET	7874
GET	6209
GET	10191
PUT	10982
PUT	16178
GET	2117
PUT	11023
PUT	11758
GET	1304
GET	4197
GET	4056
PUT	8474
GET	3447
GET	12677
GET	13117
GET	12395
GET	10546
PUT	14255
PUT	10233
PUT	9570
GET	10885
GET	13545
PUT	11703
PUT	5223
PUT	3013
GET	3891
GET	263
GET	608
GET	13973
GET	1190
GET	4955
PUT	7835
PUT	1532
GET	1519
GET	253
PUT	1127
GET	11649
PUT	11122
GET	6097
GET	6062
GET	1692
PUT	1690
PUT	3680
PUT	5849
GET	100
GET	3437
GET	5530
GET	605
GET	5935
GET	3398
GET	2318
PUT	1183
GET	2669
GET	1005439
PUT	4310
GET	482
PUT	472
GET	4572
GET	1003050
GET	1002422
PUT	844
GET	1001490
PUT	1342
GET	7826
PUT	533
GET	1002855
PUT	873
GET	6248
GET	5335
PUT	4419
GET	3769
GET	1001890
GET	1004674
PUT	1091
GET	1001567
GET	1001111
GET	1003251
GET	1007572
VALS	20	65	3
PUT	1710
PUT	6041
PUT	2734
PUT	3942
PUT	5482
PUT	4680
GET	2602
PUT	12184
PUT	6242
GET	8012
GET	6126
PUT	11273
PUT	3721
PUT	13011
PUT	11585
PUT	3311
PUT	7724
PUT	10396
PUT	4046
GET	1877
PUT	14456
GET	5967
PUT	10173
GET	2778
PUT	2174
PUT	6222
PUT	13149
PUT	21816
PUT	9315
PUT	17788
PUT	22721
GET	6231
PUT	17699
PUT	10034
PUT	24151
PUT	10188
GET	12539
PUT	21223
GET	5901
PUT	6500
PUT	12871
GET	10593
PUT	PUT	26412
26891
PUT	16914
PUT	18085
PUT	24692
PUT	29317
PUT	26539
GET	5502
PUT	30255
GET	15401
PUT	5829
GET	2931
GET	10283
GET	10006
PUT	21472
PUT	31180
PUT	27166
PUT	1902
PUT	1816
PUT	34288
PUT	11365
PUT	4666
PUT	10178
GET	1603
PUT	35633
GET	9015
PUT	31199
GET	13049
GET	14917
PUT	34855
PUT	26897
PUT	11083
GET	28466
GET	17531
GET	7641
PUT	33331
PUT	922
PUT	2734
GET	22828
GET	15109
GET	18775
GET	11094
GET	6079
GET	3047
PUT	39521
PUT	5608
GET	2147
PUT	9517
GET	20711
PUT	10308
PUT	1084
GET	38312
PUT	41972
PUT	36724
PUT	38527
PUT	2747
PUT	40132
PUT	33775
GET	10583
PUT	42793
PUT	13009
GET	3126
PUT	2290
GET	8132
PUT	4887
GET	22517
PUT	3879
GET	8223
GET	12183
PUT	37367
PUT	9409
PUT	42186
PUT	37417
PUT	7609
PUT	37535
PUT	11429
GET	23066
PUT	2647
GET	5330
GET	8262
PUT	35513
PUT	45917
PUT	41615
PUT	684
GET	38255
GET	21559
PUT	7299
GET	3828
PUT	3744
GET	23294
GET	5374
PUT	17306
PUT	10888
GET	2907
GET	26761
GET	1920
PUT	40454
PUT	38945
PUT	45817
PUT	4665
PUT	5007
GET	35253
PUT	39417
GET	3550
GET	33597
GET	10666
PUT	33013
GET	24151
PUT	8437
GET	38180
GET	25336
GET	11123
GET	2818
GET	9556
PUT	4895
GET	11802
GET	3519
GET	10104
GET	12480
PUT	6661
GET	17128
GET	10677
GET	6514
PUT	1003
GET	21387
PUT	1391
GET	30766
GET	4297
GET	8493
PUT	1192
GET	16076
GET	23505
GET	10390
PUT	4930
PUT	5654
GET	8689
PUT	15023
GET	1763
GET	659
GET	27005
PUT	29301
PUT	21975
PUT	13646
GET	27354
PUT	4610
GET	13235
GET	15193
PUT	22612
GET	18736
PUT	4277
GET	29534
GET	4309
GET	21267
GET	18016
GET	1964
GET	16790
PUT	11476
PUT	19962
GET	1906
GET	23855
GET	38557
GET	22992
GET	10075
GET	22414
PUT	23017
PUT	3024
GET	25803
GET	21719
GET	606
PUT	5568
PUT	911
GET	23485
PUT	19866
GET	12355
PUT	15277
PUT	21653
PUT	5048
PUT	16410
GET	1502
PUT	14126
GET	25708
PUT	11564
GET	24328
GET	21142
PUT	16711
GET	2194
GET	2805
GET	19950
PUT	20666
GET	21228
PUT	9926
PUT	20610
GET	11595
PUT	12324
PUT	23101
GET	10739
GET	13354
GET	5488
GET	21029
PUT	18361
PUT	18055
PUT	14182
PUT	4615
PUT	5791
GET	709
PUT	23219
PUT	4879
PUT	17897
PUT	14885
GET	17525
PUT	19870
GET	22819
PUT	14364
PUT	14111
GET	19260
PUT	17691
PUT	6499
PUT	629
GET	6925
GET	15386
PUT	2563
GET	3078
PUT	17056
GET	12220
GET	14996
PUT	1182
PUT	16942
GET	12352
PUT	18498
GET	8034
PUT	20425
PUT	12390
PUT	14661
GET	PUT	21387
17424
GET	11635
GET	8674
GET	16389
PUT	15235
GET	5288
PUT	18351
PUT	9439
PUT	710
GET	9850
GET	816
GET	12795
PUT	13337
PUT	13744
GET	16510
GET	18132
GET	10748
GET	13853
GET	9861
PUT	4204
PUT	698
GET	11512
PUT	5698
GET	11277
PUT	12880
GET	17953
PUT	11409
GET	19398
GET	6323
GET	2485
PUT	5618
GET	10419
PUT	6774
PUT	13043
PUT	1486
GET	10822
GET	9835
GET	900
PUT	8845
PUT	11273
PUT	20234
GET	3080
GET	15085
GET	10128
GET	17719
GET	13753
GET	11455
PUT	4615
PUT	15977
PUT	9304
GET	2112
GET	5081
GET	10647
GET	1277
GET	17745
PUT	9089
GET	19612
GET	15031
PUT	435
GET	12865
GET	5595
GET	7129
GET	3050
GET	5286
GET	6794
PUT	3938
GET	13041
GET	10250
PUT	10746
PUT	12826
PUT	7807
PUT	5958
GET	473
PUT	10063
GET	14834
PUT	13408
GET	1859
PUT	8459
GET	5332
GET	7513
PUT	5647
PUT	8206
GET	3742
GET	2450
GET	614
GET	4023
GET	5271
GET	6534
GET	2591
GET	1943
GET	3156
GET	1004852
GET	1003492
PUT	936
GET	1005728
GET	3523
PUT	4200
PUT	3436
PUT	1136
GET	674
GET	3302
PUT	499
GET	3811
GET	3658
GET	1002556
GET	1004373
PUT	449
GET	3314
GET	1005031
PUT	440
GET	1000561
GET	4051
GET	1003078
GET	1007354
VALS	20	70	3
PUT	PUT	PUT	PUT	2054
4625
4476
1172
PUT	4618
PUT	4283
PUT	8975
PUT	9773
PUT	8777
PUT	8151
PUT	3335
PUT	6429
PUT	2753
PUT	13708
PUT	3299
PUT	6353
PUT	10583
GET	3518
PUT	11131
GET	626
GET	9955
PUT	17052
GET	7481
PUT	8652
PUT	13386
PUT	7493
GET	4352
PUT	466
GET	9528
PUT	10251
GET	6322
PUT	18055
GET	4256
PUT	5069
GET	16501
PUT	15440
PUT	18263
PUT	14920
PUT	14716
PUT	16429
PUT	20312
PUT	18169
GET	590
GET	7792
PUT	19306
PUT	19645
PUT	10277
GET	712
GET	669
GET	14206
PUT	9519
PUT	17842
GET	22516
PUT	1802
PUT	24658
PUT	29728
PUT	20159
PUT	3245
GET	25635
PUT	9525
PUT	3970
PUT	32996
GET	10875
GET	15798
PUT	28268
PUT	6963
PUT	16630
PUT	27005
GET	12194
PUT	3009
PUT	28472
PUT	35660
GET	12945
PUT	28007
PUT	20705
GET	19307
PUT	9635
PUT	34587
GET	24327
GET	1504
PUT	35270
PUT	38835
PUT	33360
PUT	35378
PUT	27889
PUT	35633
GET	6074
PUT	29021
PUT	30897
PUT	30902
PUT	14762
GET	1842
PUT	30602
PUT	42024
PUT	37774
PUT	890
PUT	40455
GET	31184
PUT	32858
GET	10700
GET	30432
GET	15107
PUT	4368
PUT	40471
GET	38243
GET	27542
GET	4069
GET	39066
GET	2546
PUT	17656
GET	23634
PUT	7889
GET	1870
PUT	9495
PUT	2025
GET	7959
GET	22954
PUT	35472
PUT	11804
PUT	792
GET	19735
GET	36109
GET	5492
GET	7716
GET	1342
PUT	613
GET	16996
GET	11701
GET	576
PUT	549
GET	7677
GET	11467
GET	13091
PUT	649
PUT	7650
PUT	2258
PUT	2886
PUT	2303
GET	28124
PUT	24946
GET	22804
GET	22952
PUT	5060
GET	33847
PUT	33547
PUT	26412
PUT	21572
GET	4387
GET	26329
PUT	51759
GET	5002
PUT	45579
GET	5730
PUT	28871
PUT	4492
GET	11829
PUT	13476
PUT	29755
GET	6450
GET	153
PUT	29397
GET	15534
PUT	8742
GET	2117
GET	32870
PUT	35616
GET	29183
GET	710
PUT	3145
GET	271
PUT	23049
PUT	10593
GET	24572
GET	27503
GET	27536
PUT	15537
PUT	2157
PUT	12109
GET	19158
GET	4808
PUT	33722
GET	21492
PUT	18712
GET	14844
PUT	3945
PUT	1567
PUT	35446
GET	6993
GET	4732
GET	9678
GET	15976
GET	27802
GET	33316
GET	3243
GET	11241
PUT	923
GET	19247
GET	4198
PUT	12512
GET	40012
GET	29391
GET	8409
GET	20411
PUT	677
PUT	28076
PUT	4982
GET	455
GET	14202
PUT	10781
PUT	22966
PUT	36210
PUT	24541
GET	25666
GET	10168
PUT	10182
PUT	2871
PUT	4567
GET	8604
PUT	2817
GET	5625
GET	7924
PUT	8582
PUT	12602
GET	32593
PUT	18208
PUT	26882
PUT	27181
PUT	18425
GET	28716
GET	18598
PUT	14619
PUT	10349
PUT	2336
PUT	12054
PUT	10626
GET	36072
PUT	8854
GET	6947
PUT	27811
GET	3270
GET	13639
GET	15742
GET	1610
GET	9495
PUT	20138
GET	21755
PUT	2288
GET	38644
GET	7204
GET	4788
PUT	33600
GET	18355
PUT	29234
GET	10616
GET	29880
GET	14174
GET	13623
PUT	11317
PUT	4313
PUT	1953
PUT	20124
PUT	17271
GET	13914
GET	4095
PUT	7270
GET	10714
GET	10820
GET	8012
GET	19744
PUT	450
GET	14567
PUT	1357
PUT	2001
PUT	10878
PUT	6389
GET	22134
GET	11550
GET	13012
PUT	26635
PUT	18889
PUT	7466
PUT	20765
PUT	18213
PUT	8996
PUT	13746
GET	17459
PUT	23635
PUT	23487
GET	4288
GET	21794
PUT	23387
PUT	3563
GET	9865
GET	8778
PUT	18542
PUT	3070
GET	9516
GET	20536
PUT	10941
GET	23357
PUT	2770
PUT	11510
PUT	11528
GET	6938
PUT	26712
GET	19037
PUT	9884
GET	13961
PUT	17647
GET	9682
PUT	707
PUT	8223
GET	2921
GET	8460
GET	829
PUT	14778
GET	1402
PUT	20514
GET	17928
PUT	12934
GET	6420
PUT	4735
GET	15815
GET	10269
GET	17221
GET	4301
GET	14537
GET	3869
PUT	7396
GET	10105
GET	10907
GET	7604
GET	13829
GET	13158
GET	9454
GET	13084
GET	9564
GET	4667
GET	11149
GET	12468
PUT	11111
GET	170
GET	8790
GET	15054
PUT	6903
GET	16097
PUT	250
GET	4375
GET	7936
PUT	10485
PUT	7093
PUT	6883
PUT	5389
GET	11674
GET	2059
PUT	3055
GET	9346
GET	1590
GET	1722
GET	1995
GET	3881
PUT	3673
GET	2869
GET	3891
PUT	4273
GET	153
GET	2397
GET	1010109
PUT	5041
GET	769
PUT	651
GET	940
GET	1005316
PUT	1898
GET	1002186
PUT	1162
GET	2425
PUT	1205
GET	2286
GET	4871
GET	1005948
GET	1002960
PUT	2709
PUT	4846
GET	284
GET	2899
GET	1000903
PUT	720
PUT	2142
GET	1015000
GET	1006936
GET	1002522
PUT	5103
PUT	516
GET	8954
GET	1167
PUT	12309
GET	374
GET	3943
PUT	1235
GET	3061
GET	1005752
PUT	454
GET	2655
GET	1003120
GET	1000891
PUT	3507
GET	1003303
PUT	3708
GET	259
GET	2465
GET	1002358
GET	1002092
PUT	642
GET	205
GET	1001825
GET	1001874
PUT	2104
GET	379
GET	1000896
VALS	20	75	3
PUT	PUT	1821
476
PUT	2087
PUT	3192
PUT	3586
PUT	2174
PUT	634
PUT	606
PUT	3627
PUT	2717
PUT	615
PUT	755
PUT	802
PUT	3273
GET	3855
GET	1093
PUT	6496
PUT	3480
GET	3130
PUT	1886
PUT	4315
PUT	5358
PUT	7317
PUT	5017
GET	5472
PUT	6329
PUT	9271
GET	1457
PUT	8997
PUT	9423
GET	2098
PUT	7998
PUT	8823
PUT	7408
PUT	1602
PUT	10535
PUT	8989
PUT	10902
PUT	11292
PUT	11014
PUT	11266
PUT	10485
PUT	7222
PUT	4892
GET	5526
PUT	7906
GET	7586
GET	9850
PUT	14500
GET	10854
PUT	736
PUT	14648
PUT	13461
PUT	14443
PUT	PUT	13432
1748
PUT	12467
PUT	6093
GET	1684
GET	802
GET	6600
GET	7117
GET	4564
PUT	17331
PUT	15171
PUT	14619
PUT	19532
PUT	1038
PUT	3488
PUT	17060
PUT	1537
GET	19696
PUT	2475
PUT	4197
GET	19424
GET	10429
PUT	19832
GET	4825
GET	18484
PUT	20829
PUT	23153
GET	19268
PUT	21312
PUT	280
GET	11710
PUT	21484
GET	1676
PUT	22981
GET	13487
PUT	23593
PUT	23926
GET	15716
PUT	23552
PUT	24672
GET	20745
GET	11397
GET	22473
PUT	27287
GET	2104
PUT	25011
GET	10604
PUT	26662
GET	7370
GET	23682
PUT	3499
GET	14729
GET	2191
GET	26388
GET	1971
GET	15880
GET	10132
PUT	13527
GET	19839
GET	4824
PUT	30149
PUT	12703
PUT	1026
GET	27426
GET	8426
PUT	2336
GET	22547
GET	17003
GET	6262
GET	19573
GET	3525
GET	4320
PUT	30585
PUT	11026
GET	22768
PUT	1496
GET	2978
GET	27681
PUT	21728
PUT	32593
PUT	6092
PUT	2639
PUT	4089
GET	27689
GET	25310
GET	25241
PUT	17862
GET	1201
PUT	5591
PUT	20348
PUT	8471
PUT	12222
PUT	18392
PUT	4796
GET	31200
PUT	1990
GET	30076
PUT	18739
PUT	21152
GET	18881
PUT	21168
PUT	34399
PUT	23894
GET	6464
GET	21611
PUT	29102
PUT	11453
GET	28267
PUT	9371
GET	30042
PUT	23722
PUT	24027
GET	7567
PUT	21485
PUT	19719
PUT	2275
GET	18646
GET	9539
PUT	16626
GET	19130
GET	8193
GET	13139
PUT	23000
GET	3389
PUT	27070
PUT	1284
PUT	1450
GET	15917
PUT	20265
GET	13573
GET	10032
PUT	8143
PUT	18096
GET	23757
GET	4854
PUT	17071
PUT	27042
GET	2583
GET	12845
GET	9771
GET	11892
GET	10539
PUT	5473
PUT	16744
PUT	24436
GET	27829
GET	5003
PUT	4292
PUT	2356
GET	20559
PUT	33152
GET	15297
PUT	21802
GET	1219
PUT	3142
GET	1011
PUT	17543
PUT	10859
GET	30598
GET	5098
PUT	35684
GET	18005
PUT	20346
PUT	18578
PUT	2026
PUT	28645
PUT	9402
PUT	16168
GET	5975
GET	3437
GET	14126
GET	26296
GET	13366
PUT	17594
GET	25612
PUT	4743
PUT	29520
GET	4194
GET	20029
GET	11429
PUT	27293
PUT	18020
GET	10766
GET	25395
GET	16538
GET	17543
GET	7477
GET	15438
GET	18241
PUT	27088
PUT	29980
PUT	18503
PUT	20278
GET	6773
PUT	3692
GET	8844
PUT	32283
PUT	12015
GET	23590
GET	13681
GET	42143
PUT	39783
PUT	12828
GET	12468
PUT	7538
GET	3787
PUT	8976
PUT	904
GET	20394
PUT	29024
GET	25147
PUT	7065
PUT	15397
GET	8899
GET	32354
PUT	9005
PUT	18968
GET	31382
PUT	32750
GET	29327
PUT	19180
PUT	16143
PUT	23320
GET	4061
GET	29302
PUT	23398
PUT	5701
GET	21036
GET	17617
PUT	19071
GET	11625
GET	21920
PUT	28234
GET	15955
GET	7328
PUT	13829
PUT	16740
GET	10868
GET	22867
GET	16638
PUT	734
GET	29363
PUT	9887
PUT	27288
GET	3616
GET	21836
GET	9990
GET	15684
PUT	17396
GET	3894
PUT	15003
PUT	20982
GET	21337
GET	11255
PUT	20633
PUT	16597
GET	19321
GET	475
PUT	16942
PUT	5049
GET	26928
GET	22309
PUT	1039
GET	16835
PUT	5526
GET	11353
PUT	21671
PUT	22500
GET	7284
PUT	25278
PUT	16149
PUT	12106
GET	19398
GET	2576
GET	15146
GET	10237
GET	22671
GET	20326
GET	6487
GET	18041
GET	23238
GET	2877
GET	24571
PUT	24313
GET	10584
PUT	7064
GET	23222
GET	17753
GET	7194
GET	21356
GET	19571
PUT	10963
PUT	17880
PUT	3030
GET	12597
GET	2104
PUT	5347
PUT	20774
GET	615
GET	18507
GET	8903
PUT	17194
GET	6631
GET	17435
PUT	23185
PUT	PUT	1967711907

GET	13903
GET	9419
GET	13644
GET	4252
PUT	22558
GET	12573
PUT	10714
PUT	17711
PUT	6946
GET	7084
PUT	18929
GET	3019
GET	12804
PUT	10664
PUT	16837
GET	13674
PUT	14912
GET	1338
GET	3575
PUT	10360
GET	10091
GET	8169
GET	15349
GET	10728
GET	7860
PUT	12093
GET	3872
PUT	15056
GET	5374
PUT	13089
GET	17027
GET	13969
GET	8404
GET	15517
PUT	18152
GET	14122
GET	7262
GET	13687
GET	22475
PUT	19641
GET	17034
PUT	17573
GET	15647
GET	10922
GET	2180
GET	3461
GET	1002250
PUT	2666
GET	698
PUT	1445
GET	1003818
GET	1005004
GET	1001901
PUT	2649
GET	1067
GET	1001860
GET	1001314
GET	1001767
PUT	6756
PUT	2123
GET	1002272
GET	934
PUT	1229
GET	1175
GET	1295
PUT	832
PUT	9242
PUT	6782
PUT	9885
PUT	8735
GET	6098
GET	8785
GET	5373
GET	4565
GET	4859
PUT	495
GET	1000844
GET	3528
PUT	2303
GET	4066
GET	1004344
PUT	3370
GET	2449
PUT	2998
GET	477
GET	1002055
PUT	2075
GET	228
GET	1009130
VALS	20	80	3
PUT	1162
PUT	1482
PUT	643
PUT	713
PUT	2478
PUT	2130
PUT	2374
PUT	2338
PUT	3560
PUT	2678
GET	1591
PUT	3413
PUT	3723
PUT	4368
PUT	3449
PUT	3760
PUT	4083
PUT	4966
PUT	5021
PUT	5095
GET	5518
GET	5041
PUT	8014
PUT	6778
GET	6122
PUT	7514
PUT	7682
PUT	7582
PUT	8663
PUT	11616
PUT	8263
PUT	9053
PUT	9902
PUT	10516
PUT	10336
PUT	9676
GET	1168
GET	2580
GET	2159
PUT	862
GET	8904
GET	6823
PUT	11723
PUT	5987
PUT	1648
PUT	13542
PUT	14775
PUT	13637
GET	1977
PUT	17392
PUT	17396
PUT	15349
PUT	15586
PUT	3601
PUT	15338
PUT	1736
PUT	4550
GET	15569
PUT	16314
PUT	17131
GET	2707
PUT	9255
PUT	1055
PUT	18004
PUT	17074
GET	11315
PUT	20617
PUT	19702
PUT	18852
PUT	20722
PUT	13396
GET	10726
PUT	20284
PUT	7104
PUT	24006
GET	17251
PUT	21318
PUT	22123
GET	6408
GET	1806
GET	9559
GET	1649
PUT	13623
PUT	16223
GET	28618
GET	17404
PUT	28966
PUT	1298
GET	2338
GET	31206
GET	27941
GET	34604
GET	36090
PUT	40509
PUT	40019
PUT	25382
PUT	39613
PUT	28317
GET	38316
GET	35449
PUT	42502
PUT	45947
PUT	45385
PUT	32277
PUT	34395
PUT	24199
PUT	31938
PUT	46633
GET	26756
PUT	32763
PUT	46000
PUT	12717
PUT	7715
PUT	48351
PUT	34329
PUT	35213
GET	6177
PUT	2636
GET	3104
PUT	36232
GET	34932
GET	33609
GET	4784
GET	30567
GET	5043
PUT	37147
PUT	29686
GET	30772
PUT	32296
GET	3779
GET	12154
PUT	3029
PUT	617
GET	667
GET	35870
PUT	13922
GET	49558
GET	4818
PUT	54489
GET	53201
GET	14880
PUT	54833
PUT	41031
GET	46793
PUT	1099
GET	52661
PUT	35190
GET	43058
GET	35345
GET	34813
GET	26017
PUT	35915
GET	40140
PUT	779
GET	6148
GET	18122
PUT	44135
GET	6154
PUT	7608
GET	12256
GET	43852
GET	43481
PUT	1483
PUT	5932
GET	274
PUT	4238
GET	44125
GET	43590
PUT	3495
PUT	18379
GET	46458
PUT	5714
PUT	4602
GET	41804
GET	12784
PUT	1601
GET	44901
PUT	2126
GET	11262
PUT	12164
GET	16996
PUT	1212
GET	998
GET	2454
GET	33403
PUT	1492
GET	6916
PUT	11699
GET	159
GET	4425
GET	25114
PUT	13205
PUT	11393
GET	56970
GET	4635
PUT	34628
GET	2185
PUT	27426
PUT	2808
PUT	45005
PUT	68063
PUT	15832
PUT	16513
GET	14619
PUT	53738
PUT	5412
GET	12393
PUT	15748
PUT	46268
PUT	4042
PUT	29478
PUT	10300
PUT	19410
PUT	11667
GET	49611
PUT	19487
GET	14574
GET	21366
PUT	562
PUT	6752
PUT	6932
PUT	59342
GET	6226
PUT	16175
GET	27625
GET	28046
GET	5292
GET	3836
GET	15251
GET	6904
GET	21283
GET	2801
GET	14626
PUT	12840
GET	42951
GET	13688
GET	10710
GET	18997
PUT	2865
PUT	3152
GET	19368
GET	30068
GET	26267
GET	2298
GET	30981
GET	10903
PUT	7170
PUT	1736
GET	11648
GET	8106
PUT	4346
PUT	23373
GET	2788
PUT	5705
GET	12241
PUT	23481
PUT	20141
GET	4332
PUT	26630
GET	35736
PUT	29190
PUT	7863
GET	16540
PUT	2576
PUT	13664
PUT	27838
GET	8762
GET	21106
PUT	13594
PUT	38978
PUT	47769
GET	11939
GET	27717
GET	24042
GET	16972
PUT	27159
GET	18328
GET	24410
GET	11585
GET	36887
PUT	15290
PUT	20427
GET	20065
PUT	19517
GET	38630
PUT	2523
GET	30840
PUT	27959
PUT	20882
PUT	29554
GET	2728
PUT	30442
PUT	15646
GET	5487
GET	14502
PUT	17244
GET	12782
GET	3742
PUT	21777
GET	5683
PUT	5987
GET	2659
GET	30962
GET	23871
GET	2936
GET	774
GET	1949
GET	29200
PUT	15650
PUT	22269
PUT	8221
PUT	3335
PUT	8031
PUT	31443
PUT	22036
GET	17304
GET	16924
GET	10655
PUT	7022
PUT	22924
GET	19698
GET	6425
GET	3339
GET	22906
PUT	11120
GET	22398
PUT	10103
GET	8745
GET	13279
PUT	2279
PUT	7883
PUT	24359
GET	12957
GET	126
GET	2217
GET	14911
GET	3957
GET	9327
PUT	8243
PUT	8403
PUT	10122
GET	24907
GET	1602
GET	7335
PUT	9558
PUT	4453
GET	9211
GET	9049
GET	8640
GET	9673
PUT	7941
GET	9222
PUT	4596
GET	9509
PUT	8849
PUT	10693
PUT	4177
GET	1192
PUT	8883
GET	4443
GET	9340
GET	8918
GET	8770
GET	7217
GET	7024
PUT	13092
PUT	3409
GET	4849
GET	3215
GET	6946
GET	4186
GET	4222
GET	3826
PUT	7059
PUT	6770
GET	290
GET	2750
PUT	3514
GET	3999
GET	2823
GET	2461
GET	1003260
GET	1002016
GET	1005393
PUT	561
GET	1004070
PUT	1361
GET	1002101
PUT	605
GET	1002080
GET	1001331
PUT	447
PUT	949
GET	2203
PUT	5775
GET	1003076
PUT	1382
PUT	964
GET	2236
GET	6762
GET	1002024
GET	1001187
PUT	292
GET	1001771
GET	3407
GET	1005213
PUT	729
PUT	2500
PUT	11749
GET	7418
GET	4805
PUT	3569
GET	2103
GET	1446
GET	1001083
PUT	599
GET	3388
GET	9760
PUT	3069
GET	645
PUT	5673
PUT	8279
PUT	4378
GET	8954
GET	3502
GET	7209
PUT	6013
PUT	8635
GET	2819
PUT	3151
GET	2277
GET	3607
PUT	1260
GET	3735
GET	3704
GET	1005619
GET	1003367
PUT	510
PUT	2715
GET	387
GET	1004480
GET	2307
PUT	3371
PUT	2268
GET	261
GET	241
PUT	3840
GET	1000268
PUT	242
GET	3202
PUT	683
GET	2955
GET	1003434
PUT	734
GET	1001381
PUT	1421
GET	144
GET	1003038
GET	1003095
PUT	1743
GET	359
GET	1003814
PUT	2689
PUT	3366
GET	318
GET	1595
GET	1002012
GET	1001676
GET	1002594
PUT	679
GET	350
GET	1005993
PUT	5042
GET	720
GET	1002310
GET	1001608
PUT	1201
GET	2480
GET	1001355
GET	1000861
VALS	20	85	3
PUT	510
PUT	1157
PUT	1524
PUT	1636
PUT	1396
PUT	4126
PUT	668
PUT	875
PUT	3784
PUT	1976
PUT	3439
PUT	5596
PUT	3541
PUT	4730
PUT	6580
PUT	2654
GET	2832
PUT	4897
GET	3464
PUT	5117
PUT	5285
PUT	2364
PUT	5873
PUT	6714
GET	1697
PUT	234
GET	11855
GET	5977
GET	1432
PUT	11940
PUT	10079
PUT	14235
PUT	13331
GET	5923
PUT	12986
PUT	14750
GET	537
PUT	13670
PUT	14088
GET	8067
PUT	14354
PUT	8830
PUT	14401
PUT	6072
GET	12591
PUT	18111
PUT	16132
GET	18008
PUT	15508
PUT	16808
PUT	17182
PUT	7226
PUT	19075
PUT	17649
PUT	18035
GET	6933
GET	5239
GET	1870
PUT	20592
PUT	19889
GET	3191
GET	1915
PUT	19659
GET	3501
PUT	19210
PUT	22493
PUT	22141
GET	10594
PUT	23120
PUT	24099
GET	1667
PUT	209
GET	13467
GET	26110
PUT	26396
GET	18534
PUT	25750
GET	8202
PUT	24747
GET	26965
PUT	8059
PUT	23976
PUT	13137
PUT	27138
GET	25064
PUT	2338
PUT	25444
PUT	7722
PUT	7072
PUT	2932
PUT	3010
GET	9682
PUT	2435
PUT	26979
GET	1611
GET	17945
GET	2066
PUT	5190
PUT	1710
PUT	3977
GET	17684
GET	18941
PUT	32463
PUT	34734
PUT	15522
GET	8638
GET	32252
PUT	10726
GET	18011
PUT	34586
PUT	9917
GET	5353
PUT	37198
PUT	37648
PUT	36454
PUT	2052
GET	2773
GET	16878
PUT	36093GET	
32067
PUT	40137
GET	1730
GET	12721
PUT	13913
GET	36247
GET	23013
PUT	16377
PUT	3643
PUT	39640
PUT	25182
PUT	16674
PUT	19342
GET	15992
GET	34086
PUT	17260
PUT	252
PUT	16828
GET	25008
PUT	24445
GET	16209
PUT	9199
PUT	3682
GET	29249
PUT	20271
GET	16394
PUT	28141
GET	28556
GET	1878
GET	8731
PUT	2030
GET	13789
PUT	10319
GET	11596
PUT	23378
PUT	20337
PUT	23980
PUT	21518
GET	6871
GET	22282
GET	26678
GET	7508
PUT	48663
GET	23425
GET	29899
GET	23931
PUT	25734
GET	16416
PUT	49211
PUT	24222
PUT	PUT	38215
10136
PUT	16396
GET	25530
GET	6603
PUT	25882
PUT	6703
PUT	25286
PUT	2114
PUT	2799
GET	9762
GET	11846
GET	10632
PUT	34577
GET	35010
PUT	8904
PUT	27868
GET	499
PUT	20747
PUT	11177
GET	7324
GET	5859
PUT	32099
GET	43916
GET	8777
GET	16954
PUT	8381
PUT	11088
PUT	9572
GET	4849
PUT	5386
GET	25174
GET	22733
PUT	17964
GET	31932
GET	20927
PUT	10854
PUT	47624
PUT	4796
GET	13064
GET	11835
GET	41230
PUT	28083
PUT	9997
GET	5990
PUT	39367
PUT	562
PUT	33486
PUT	39040
GET	40771
GET	34401
GET	26969
PUT	6134
PUT	27803
GET	4442
GET	11892
PUT	40988
PUT	6355
GET	33032
GET	3456
PUT	8401
GET	5952
GET	29822
GET	7994
GET	18117
GET	28594
GET	55051
GET	19777
PUT	14353
PUT	19748
PUT	25696
PUT	8448
PUT	944
GET	12316
GET	45100
GET	6041
PUT	47020
PUT	29302
PUT	27090
GET	22430
PUT	20506
GET	2454
GET	28399
GET	10476
GET	48989
GET	7273
PUT	16954
PUT	12874
GET	8738
GET	23405
PUT	12722
PUT	GET	1524
26606
PUT	9330
PUT	27679
GET	32792
PUT	26304
PUT	18793
GET	17572
GET	27852
GET	27360
GET	18880
PUT	28035
GET	41896
GET	30827
PUT	2971
GET	4193
PUT	40585
GET	5210
PUT	6486
PUT	4202
GET	2082
PUT	14619
GET	29294
PUT	2737
PUT	32751
GET	11344
PUT	20436
PUT	11808
PUT	13182
PUT	2528
GET	11423
PUT	11330
PUT	19760
GET	8360
PUT	24198
PUT	203
GET	34389
GET	23316
PUT	14208
PUT	20802
PUT	37700
GET	16500
PUT	13807
PUT	12969
GET	17778
GET	11122
GET	13856
GET	19408
GET	13200
GET	6150
GET	8175
GET	18230
GET	23844
PUT	4843
GET	26024
GET	6158
GET	29942
GET	32322
PUT	21122
PUT	17972
PUT	2735
GET	12393
GET	18569
PUT	15506
GET	31673
PUT	29554
PUT	19539
GET	30803PUT	
30012
GET	11908
GET	3412
PUT	6078
PUT	5715
GET	20558
GET	15485
PUT	8373
PUT	19916
GET	26961
PUT	7911
PUT	20672
GET	11511
PUT	9494
PUT	28730
GET	12205
PUT	26002
GET	15322
PUT	29776
GET	5625
GET	13698
GET	18869
PUT	8711
GET	7579
GET	29918
GET	20991
GET	22739
PUT	34152
PUT	13190
GET	5399
GET	19303
GET	6997
GET	17344
PUT	2209
PUT	21862
PUT	3235
PUT	35676
GET	22774
GET	1688
PUT	16814
PUT	13973
GET	15841
PUT	21956
GET	12039
GET	20356
PUT	4430
PUT	19524
PUT	12511
GET	12285
GET	8288
PUT	17712
PUT	4822
PUT	15617
GET	20375
PUT	23592
GET	17662
PUT	8021
PUT	1441
GET	341
GET	15112
PUT	12129
GET	14768
GET	4225
GET	6504
PUT	1194
GET	10570
GET	19099
GET	15792
GET	10847
GET	7903
GET	6385
PUT	16436
GET	9729
GET	9296
GET	6792
GET	9000
PUT	9571
GET	19388
PUT	8908
PUT	10158
PUT	7308
GET	7435
GET	15757
GET	12074
GET	16762
GET	16167
PUT	647
PUT	8871
GET	10684
GET	7553
GET	4655
GET	2308
PUT	7931
GET	5557
GET	10449
GET	7380
GET	8107
PUT	8288
GET	6091
GET	4339
GET	4122
GET	2517
GET	1001283
GET	1000950
GET	1001900
PUT	564
PUT	356
GET	1002811
PUT	322
PUT	2510
GET	521
GET	2621
PUT	201
GET	1261
GET	3410
PUT	2818
PUT	504
GET	2198
GET	1012905
PUT	3184
GET	221
PUT	1628
GET	473
GET	1002915
PUT	3038
GET	1000366
GET	2655
PUT	149
PUT	2005
GET	1001973
PUT	416
GET	548
GET	2292
PUT	269
GET	567
GET	3123
GET	1004071
PUT	879
GET	349
PUT	2138
PUT	1537
GET	696
GET	1902
GET	1003246
PUT	238
GET	190
PUT	2154
GET	2244
GET	1002125
PUT	221
GET	1000975
PUT	278
GET	2651
PUT	214
GET	2713
GET	1001665
GET	1006662
GET	1002765
PUT	302
PUT	1828
GET	143
GET	1000487
GET	2657
PUT	316
PUT	3117
GET	1004035
PUT	191
GET	2689
GET	1252
GET	2703
GET	1000806
GET	1001513
GET	1003389
GET	1002965
GET	1004612
GET	1001021
GET	1015910
GET	1001495
PUT	502
GET	685
GET	1000976
GET	1000417
VALS	20	90	3
PUT	PUT	PUT	9277
3146
6377
PUT	13862
PUT	2444
PUT	3341
PUT	3622
PUT	2428
PUT	2895
PUT	2628
PUT	20503
PUT	17139
GET	3428
PUT	5626
PUT	9391
PUT	13450
GET	12541
PUT	26055
PUT	23412
PUT	1309
PUT	10492
GET	4773
PUT	10410
PUT	16497
PUT	23442
GET	3499
PUT	12838
PUT	16622
PUT	31644
PUT	31662
PUT	1283
GET	18734
PUT	32680
PUT	20241
GET	7201
GET	5562
PUT	20815
PUT	29318
PUT	24667
GET	19977
GET	19848
PUT	18386
PUT	4478
PUT	4168
PUT	2723
PUT	6680
PUT	9006
GET	8624
PUT	11782
GET	13155
PUT	10345
PUT	26080
PUT	39039
PUT	27805
PUT	30805
PUT	39161
PUT	36610
PUT	27227
PUT	12194
GET	16162
PUT	13209
PUT	1598
PUT	26612
GET	22958
PUT	13941
PUT	39711
PUT	13076
PUT	13000
PUT	45669
PUT	12230
GET	2444
PUT	31998
PUT	34015
PUT	36814
PUT	16858
PUT	PUT	46061
31987GET	29331
PUT	33910

PUT	43554
GET	25852
PUT	21077
GET	2103
PUT	37364
PUT	9277
PUT	32155
GET	6674
PUT	32770
GET	5383
PUT	33394
GET	21884
GET	3292
GET	36094
PUT	29672
PUT	40646
PUT	22447
PUT	5052
GET	27308
GET	197
PUT	21248
GET	12017
PUT	25982
PUT	11319
GET	9980
PUT	222
GET	27809
PUT	45081
PUT	39007
GET	8450
PUT	41783
GET	24409
PUT	9745
PUT	6629
PUT	47693
PUT	13088
PUT	28687
GET	10434
PUT	44093
GET	18297
GET	7481
GET	41917
GET	GET	14599
4056
PUT	11765
GET	16421
GET	15224
PUT	52524
GET	19868
PUT	51939
GET	16556
PUT	31501
PUT	11825
PUT	53021
PUT	3977
PUT	16029
GET	23823
PUT	1773
GET	10765
GET	6831
PUT	11795
GET	22176
GET	581
GET	39060
PUT	37358
GET	4730
PUT	37651
GET	1047
GET	16761
GET	14408
PUT	37576
PUT	18959
GET	20700
PUT	38602
GET	854
PUT	3134
PUT	39307
PUT	39818
GET	38374
GET	12345
PUT	41783
PUT	28603
PUT	3535
PUT	2440
PUT	51723
GET	332
PUT	6185
GET	20673
PUT	41701
GET	3113
GET	25888
GET	3969
GET	4797
PUT	17236
GET	28148
GET	16635
PUT	7710
GET	704
PUT	8786
PUT	7438
GET	3140
GET	32803
PUT	4783
PUT	10552
PUT	1654
PUT	3235
GET	3660
PUT	1465
GET	206
GET	866
GET	1976
GET	3689
GET	3561
PUT	4389
GET	2663
GET	48003
GET	14005
PUT	17253
PUT	25348
PUT	29927
GET	4781
PUT	19875
PUT	51222
GET	40786
GET	24900
GET	52564
PUT	10520
PUT	54086
PUT	864
GET	2417
PUT	5707
GET	17455
GET	42673
GET	31415
PUT	7042
GET	44348
GET	52347
GET	7095
GET	15185
PUT	56568
GET	45923
GET	45431
GET	15910
PUT	36257
PUT	4182
GET	18143
GET	11357
GET	8270
GET	9705
GET	25586
PUT	14386
PUT	33999
GET	59759
PUT	6023
PUT	6338
GET	6950
PUT	4311
GET	12048
GET	47959
PUT	34248
PUT	24683
GET	10577
PUT	22265
GET	19176
PUT	11731
GET	1587
PUT	6582
GET	56165
PUT	2545
GET	44309
PUT	143
PUT	9257
PUT	1317
GET	770
PUT	6474
PUT	1370
GET	5295
PUT	12706
GET	70756
GET	49544
GET	61147
PUT	68256
GET	13834
PUT	51797
GET	51764
GET	6195
PUT	38090
GET	4394
GET	6491
PUT	17048
PUT	6954
PUT	72209
GET	5265
GET	10249
PUT	10702
GET	8879
GET	70040
PUT	631
GET	39729
PUT	13680
GET	5762
PUT	14773
PUT	17447
GET	49042
PUT	2875
GET	10387
PUT	4470
PUT	18096
GET	75168
GET	51459
GET	72847
GET	1991
PUT	42006
GET	64241
GET	11385
PUT	34931
PUT	1457
PUT	9500
PUT	30674
GET	12846
GET	39404
GET	5106
GET	1412
GET	2025
PUT	30220
PUT	9026
GET	7725
PUT	36101
GET	15661
GET	3143
GET	576
PUT	17794
GET	1053
PUT	434
PUT	4819
GET	13667
PUT	4148
GET	14710
PUT	16688
PUT	11066
GET	15840
PUT	23116
GET	14062
GET	11650
PUT	16564
PUT	43413
PUT	17488
PUT	1167
GET	15415
PUT	57666
GET	5761
GET	53907
PUT	87702
GET	5902
PUT	11142
PUT	13223
GET	28175
PUT	36652
PUT	19342
PUT	29405
PUT	58232
PUT	6148
PUT	11285
PUT	11279
PUT	2456
PUT	18203
PUT	60361
GET	32929
GET	79417
PUT	16843
GET	2059
GET	7153
PUT	36722
GET	60135
PUT	60621
GET	8605
GET	65418
PUT	13554
PUT	47285
GET	71117
GET	23879
GET	10460
GET	7430
PUT	25606
PUT	59681
PUT	9970
GET	13467
GET	10730
GET	8199
PUT	9442
PUT	13717
GET	18866
GET	65375
GET	58478
GET	2835
PUT	62296
PUT	13821
PUT	16885
GET	2666
GET	10878
GET	30171
GET	25932
PUT	1506
PUT	23398
GET	45914
GET	10696
GET	44966
GET	15714
GET	16200
PUT	19103
GET	15474
GET	65763
GET	30490
GET	8228
PUT	15141
PUT	29926
GET	21658
GET	29877
PUT	12232
PUT	30993
GET	16912
GET	216
GET	18890
GET	37070
PUT	15556
GET	23885
PUT	17318
GET	17398
GET	20281
GET	28204
GET	26172
GET	3838
GET	15831
PUT	15400
PUT	13211
GET	21096
PUT	13669
PUT	2563
GET	14605
GET	12401
GET	21655
GET	11857
PUT	2860
PUT	8951
GET	7117
PUT	773
GET	13627
PUT	20924
PUT	18415
GET	21509
GET	11543
PUT	12363
PUT	13819
PUT	20587
PUT	17499
GET	10077
GET	2388
GET	641
PUT	16155
PUT	16525
PUT	1457
PUT	15357
GET	20906
GET	16753
PUT	3923
GET	773
GET	7389
GET	7566
PUT	13118
GET	7415
GET	187
GET	9844
PUT	16081
GET	4682
GET	13959
GET	6060
GET	11833
GET	11302
PUT	15269
GET	1485
GET	12400
PUT	714
PUT	355
GET	7869
GET	15605
PUT	9996
PUT	13254
GET	5301
PUT	4537
GET	10140
PUT	2877
GET	7875
PUT	8929
GET	8154
GET	3086
GET	3710
GET	2805
GET	4867
PUT	5198
GET	2363
GET	4449
GET	4250
GET	3095
GET	1008289
PUT	1055
GET	1003821
GET	1004511
PUT	842
GET	12980
GET	3664
PUT	12721
PUT	941
GET	1784
GET	1003329
GET	1004774
PUT	582
GET	3323
PUT	8377
GET	4126
GET	569
GET	1001739
PUT	753
PUT	8496
GET	574
GET	3181
PUT	6787
GET	1004082
GET	3768
PUT	3726
GET	970
PUT	460
PUT	5022
GET	3419
GET	1000346
GET	4469
PUT	243
GET	1002631
GET	3186
PUT	1252
GET	1280
GET	1004011
GET	1003469
PUT	630
PUT	3012
GET	365
GET	1001871
GET	3905
PUT	3542
GET	484
GET	1006923
PUT	360
GET	2396
GET	1000807
PUT	1854
GET	2240
GET	1000578
GET	1005628
GET	1001257
GET	1004281
GET	1001680
GET	1000757
VALS	20	95	3
PUT	6030
PUT	4542
PUT	10991
PUT	7715
PUT	4454
PUT	9031
PUT	7928
PUT	6987
PUT	13290
PUT	4433
PUT	4108
PUT	9968
PUT	7936
PUT	7122
PUT	23419
PUT	17067
PUT	24719
PUT	6563
PUT	15017
PUT	25580
PUT	26302
PUT	17515
PUT	11877
GET	7082
GET	9210
PUT	15670
PUT	29333
GET	6594
GET	7193
PUT	14463
GET	7053
PUT	16114
PUT	3282
PUT	32465
PUT	26325
PUT	21931
PUT	22576
PUT	22254
PUT	6323
GET	2835
PUT	17680
PUT	36247
GET	11718
PUT	2222
GET	2259
PUT	37738
PUT	4644
GET	16185
PUT	4142
PUT	5000
PUT	20422
PUT	25384
PUT	5856
PUT	5677
PUT	29240
PUT	23507
PUT	6482
PUT	6914
PUT	7386
GET	9288
PUT	5054
GET	3563
PUT	35134
PUT	27719
GET	28555
PUT	8161
GET	23519
PUT	25685
GET	14978
GET	23562
GET	1278
PUT	1261
GET	25709
GET	20223
PUT	30265
GET	16478
GET	1066
PUT	28471
PUT	37123
PUT	28428
PUT	29249
GET	15976
PUT	2168
PUT	29798
GET	1641
GET	15246
PUT	37479
GET	9277
PUT	14766
GET	6233
PUT	14609
PUT	11974
PUT	3963
PUT	39459
PUT	2075
GET	4005
PUT	5900
PUT	41143
GET	30511
PUT	17516
PUT	18152
PUT	767
GET	14240
PUT	18787
GET	24410
GET	4072
PUT	20033
PUT	1334
PUT	3375
GET	15679
PUT	36865
PUT	38732
PUT	22317
PUT	42019
PUT	8742
PUT	11939
GET	7543
GET	15882
GET	6476
GET	35733
PUT	23340
PUT	39715
GET	6556
PUT	23719
GET	12607
PUT	44845
GET	28124
PUT	25739
GET	18382
PUT	25479
PUT	28802
PUT	59855
GET	19449
PUT	44678
PUT	688
PUT	19236
PUT	41783
GET	27644
GET	1178
PUT	46974
GET	54147
PUT	44876
GET	14776
PUT	24887
PUT	919
GET	13351
PUT	932
GET	465
PUT	53884
PUT	19739
PUT	45617
PUT	44871
GET	42971
GET	23988
PUT	22222
GET	36369
GET	32295
PUT	49243
GET	29874
GET	49781
PUT	36178
PUT	26741
GET	62674
PUT	51030
PUT	85190
PUT	52058
PUT	22922
GET	33625
GET	43653
GET	26685
GET	50133
GET	26064
GET	23973
PUT	1718
PUT	54100
PUT	1909
GET	400
GET	30265
PUT	4845
GET	4822
GET	63467
PUT	47338
PUT	55033
PUT	534
GET	42050
GET	2720
GET	34806
GET	28630
PUT	60660
PUT	2781
GET	52254
PUT	29921
PUT	5478
PUT	46502
PUT	8965
GET	7194
PUT	5801
GET	33667
GET	51815
GET	60868
PUT	2606
PUT	62602
PUT	62067
GET	60470
PUT	39997
GET	57986
PUT	53688
PUT	52989
GET	35111
GET	33937
GET	45359
GET	69677
GET	42943
PUT	6527
PUT	81026
PUT	46629
PUT	2103
PUT	46555
PUT	12757
PUT	36481
GET	46361
PUT	11780
GET	21315
GET	22812
GET	47782
GET	17670
GET	44243
PUT	23023
PUT	18624
PUT	1511
GET	23877
PUT	49250
PUT	19595
GET	64184
GET	15321
GET	49377
PUT	14631
PUT	72175
GET	55739
PUT	76372
GET	65881
PUT	4453
GET	13130
PUT	58748
PUT	27068
GET	47597
PUT	6934
PUT	16982
GET	51923
GET	50394
GET	2528
PUT	50093
GET	57843
GET	23668
GET	61642
GET	54095
PUT	53982
GET	26228
PUT	25920
GET	8164
GET	18998
GET	24915
PUT	14223
GET	21917
GET	12363
GET	26547
GET	8796
PUT	16328
PUT	2959
PUT	1733
GET	65682
PUT	1255
GET	19978
PUT	55180
PUT	79126
GET	1255
PUT	2808
GET	6754
GET	1610
GET	5556
GET	17672
PUT	26190
GET	1638
PUT	7689
PUT	58085
GET	8960
PUT	9496
GET	34520
GET	16815
GET	25017
GET	17940
GET	58538
GET	17368
PUT	26886
PUT	21464
GET	28603
GET	12019
PUT	6083
PUT	17445
PUT	3002
GET	22737
PUT	16332
PUT	24964
GET	2486
PUT	7280
GET	8265
PUT	26933
PUT	14464
PUT	27249
GET	17431
PUT	34265
GET	28130
GET	42787
PUT	36993
GET	69908
GET	39383
PUT	40748
GET	23292
GET	67505
GET	15022
GET	19766
GET	33684
GET	33371
GET	69332
GET	72828
GET	36475
GET	34678
GET	21357
GET	37911
PUT	35563
PUT	46253
PUT	1453
PUT	1818
PUT	31020
GET	35600
PUT	18882
GET	15547
PUT	30137
GET	43715
PUT	4366
GET	1135
GET	2171
PUT	28127
PUT	40589
PUT	23091
PUT	24371
PUT	28179
PUT	18842
GET	20735
GET	28850
PUT	31907
GET	36504
PUT	25933
GET	21481
GET	34568
GET	28343
PUT	30254
PUT	3344
GET	12439
PUT	28474
GET	11925
PUT	36568
GET	28284
PUT	24959
PUT	28016
PUT	34864
PUT	31302
PUT	13550
PUT	34503
PUT	5518
PUT	33576
GET	6551
PUT	13876
PUT	47556
GET	17584
PUT	38694
PUT	14933
GET	15063
GET	40029
GET	30765
GET	10272
GET	43459
PUT	11828
GET	4248
PUT	17443
GET	10238
GET	36167
PUT	1634
GET	19200
PUT	13910
GET	12700
GET	736
PUT	32062
PUT	15736
GET	35594
GET	14219
GET	31325
GET	33266
PUT	2936
GET	28357
PUT	22002
PUT	11056
PUT	21801
GET	16485
PUT	8116
PUT	21385
GET	1616
PUT	23600
GET	11931
PUT	25098
PUT	29484
PUT	10815
GET	16106
GET	14379
PUT	24115
GET	23052
GET	22962
PUT	2337
GET	12643
PUT	24147
PUT	9473
GET	27924
GET	4750
PUT	27883
PUT	2269
GET	20906
PUT	8111
GET	16924
GET	15513
GET	9198
PUT	11160
GET	15527
GET	17005
PUT	21548
GET	13894
GET	4260
PUT	2185
PUT	25105
GET	133
GET	8198
GET	18249
GET	11811
PUT	22003
GET	4963
GET	7831
GET	2356
GET	24297
PUT	21289
GET	20615
GET	20051
PUT	13479
GET	366
GET	11292
GET	12418
GET	18481
PUT	21125
GET	22992
PUT	3251
PUT	16762
GET	11662
GET	22730
GET	14247
GET	11564
GET	8099
GET	27444
GET	12022
PUT	1133
GET	14550
GET	20323
GET	10146
GET	11964
PUT	13482
PUT	14850
GET	16471
GET	7943
PUT	3895
GET	467
GET	9758
PUT	16992
GET	14444
PUT	11364
PUT	12941
PUT	20012
PUT	21636
PUT	13346
GET	7817
GET	8130
GET	4030
PUT	11364
GET	5780
GET	8367
GET	4631
GET	3021
GET	1178
GET	4597
GET	3889
PUT	10451
GET	5423
GET	4659
GET	4838
GET	2469
GET	1001615
GET	1006665
PUT	1514
GET	1008171
GET	1462
PUT	2985
GET	1031
PUT	1912
PUT	766
PUT	5663
GET	2488
GET	1014365
PUT	1476
PUT	1914
GET	12554
GET	1004073
GET	1005755
PUT	905
GET	7093
GET	13847
PUT	458
GET	428
GET	1003868
GET	2677
GET	1012717
GET	1001480
PUT	4492
PUT	1363
GET	1105
GET	2783
PUT	4040
PUT	4162
GET	1126
PUT	3198
GET	1682
GET	1851
PUT	4837
PUT	4412
GET	2195
GET	1532
GET	1009811
GET	1007218
GET	1002945
GET	1003315
PUT	2080
PUT	1755
GET	85
GET	406
PUT	960
PUT	3434
GET	1172
GET	1899
GET	1003678
PUT	3029
GET	1005910
GET	3785
PUT	394
GET	3633
GET	1002280
GET	1001946
GET	1001456
PUT	4568
GET	1278
GET	1004338
GET	1003017
GET	1008615
PUT	3877
GET	3410
GET	1007773
VALS	20	100	3
PUT	PUT	2619
2014
PUT	1580
PUT	8051
PUT	3532
PUT	3797
PUT	11412
PUT	5313
PUT	4323
PUT	3741
PUT	8262
PUT	3800
GET	6030
GET	3978
GET	3511
PUT	6353
PUT	7250
PUT	1704
PUT	15931
PUT	3657
PUT	3896
PUT	3805
PUT	16922
GET	1722
GET	9538
PUT	9178
PUT	4319
GET	7321
GET	1631
PUT	6958
GET	3889
GET	5201
GET	15746
PUT	21339
PUT	17850
PUT	7658
PUT	22590
GET	1094
PUT	3036
PUT	9411
PUT	1169
PUT	17911
PUT	10775
PUT	12565
PUT	15503
PUT	11820
PUT	22195
PUT	8186
GET	2220
GET	15781
PUT	26235
PUT	1041
PUT	17701
PUT	15492
PUT	15093
PUT	9108
PUT	17740
PUT	8641
PUT	2962
GET	5441
PUT	16012
GET	5795
PUT	3254
GET	9906
GET	5152
PUT	3094
PUT	3286
GET	25336
PUT	3329
GET	14131
PUT	18867
PUT	19393
PUT	20582
PUT	19288
PUT	4441
PUT	28140
PUT	5812
GET	9561
PUT	5893
GET	4308
PUT	3829
PUT	33893
GET	3922
GET	1352
PUT	34738
GET	5363
PUT	21647
PUT	36094
GET	19904
PUT	8074
PUT	23079
PUT	5335
PUT	8791
PUT	9453
PUT	7577
PUT	29045
PUT	7322
PUT	37756
PUT	37191
GET	5410
PUT	33790
GET	20786
GET	21992
GET	22682
PUT	11905
GET	7675
GET	3558
PUT	11505
GET	2357
PUT	1577
GET	18480
PUT	29549
PUT	1529
PUT	26979
PUT	1796
PUT	28497
GET	4547
PUT	28050
GET	1515
PUT	13677
PUT	3164
GET	8662
PUT	9583
PUT	36059
GET	13802
PUT	30841
PUT	15276
GET	1731
PUT	2134
PUT	30811
GET	3875
PUT	27861
GET	4081
PUT	44769
GET	5066
PUT	4416
PUT	4247
PUT	42853
PUT	33739
GET	2579
PUT	11167
GET	1371
PUT	45588
PUT	8439
GET	16589
GET	1140
PUT	21752
GET	6262
GET	7537
GET	3798
GET	2359
PUT	475
PUT	36396
PUT	2641
GET	18742
GET	21283
PUT	2060
GET	638
GET	14566
PUT	200
PUT	9131
GET	269
PUT	3614
GET	26357
GET	17659
PUT	42346
GET	21026
PUT	47997
PUT	43394
GET	28758
GET	24220
PUT	17695
PUT	24090
PUT	37549
GET	21363
PUT	31094
PUT	47727
GET	22787
GET	18658
GET	28106
GET	29971
GET	21462
PUT	744
PUT	1732
GET	50221
GET	19163
PUT	51260
GET	1077
GET	18919
PUT	13868
GET	52233
PUT	52571
PUT	38117
PUT	30750
PUT	37043
PUT	1396
GET	19177
PUT	20754
GET	1325
GET	1377
PUT	35245
PUT	21272
PUT	38781
PUT	860
PUT	54495
GET	326
PUT	32136
GET	43486
GET	56311
PUT	68154
PUT	41144
PUT	2177
PUT	1305
GET	579
GET	427
GET	2580
GET	1133
GET	55567
GET	21764
GET	19071
GET	35653
GET	25126
PUT	2212
PUT	1500
GET	43287
GET	1064
PUT	2232
GET	8282
GET	1113
PUT	48080
GET	34588
PUT	1682
PUT	2502
GET	41663
GET	28671
PUT	64055
PUT	1322
PUT	22654
GET	32041
GET	22661
GET	49741
PUT	32674
GET	4007
GET	29720
GET	36521
GET	44300
PUT	22284
GET	4158
PUT	2102
GET	225
GET	50053
PUT	20653
GET	35391
GET	45242
GET	57272
GET	58867
PUT	55852
GET	23879
PUT	52874
PUT	4174
PUT	63692
PUT	22067
PUT	7709
GET	36523
PUT	6353
PUT	5956
PUT	9978
PUT	1125
GET	35302
GET	1417
GET	23421
GET	22193
PUT	15681
GET	1086
PUT	16135
GET	66148
PUT	60728
PUT	2772
GET	4451
PUT	62865
GET	49182
GET	5029
GET	3408
PUT	39623
PUT	25061
PUT	1438
PUT	41262
PUT	20539
GET	1101
GET	21793
GET	27117
GET	18439
GET	62270
PUT	83213
PUT	44198
PUT	38746
GET	30381
GET	19135
GET	16524
PUT	15519
GET	27607
PUT	8136
GET	39008
PUT	5879
PUT	59944
PUT	39289
PUT	40763
PUT	85638
GET	3528
PUT	52661
PUT	30873
PUT	30720
PUT	51979
GET	22897
PUT	37580
PUT	73734
GET	40246
PUT	46269
PUT	19097
PUT	475
GET	89662
GET	19106
PUT	74537
PUT	20151
PUT	22779
GET	64920
PUT	12496
GET	27252
GET	11142
GET	41604
GET	3859
PUT	8625
PUT	65061
GET	21082
GET	4578
GET	15520
PUT	4587
GET	13133
PUT	12113
PUT	45998
PUT	58749
GET	22409
PUT	1032
PUT	3978
PUT	28278
PUT	7350
GET	1899
GET	43315
PUT	24136
GET	70020
PUT	3688
GET	48510
GET	11726
GET	11454
PUT	19428
GET	11414
GET	11216
PUT	35408
PUT	76221
PUT	39261
GET	18844
PUT	17662
PUT	25478
GET	54773
PUT	7726
GET	9865
PUT	17211
PUT	49479
GET	3551
GET	18786
GET	881
PUT	27822
PUT	18907
GET	9700
PUT	7760
GET	14208
GET	27351
PUT	8194
PUT	53745
GET	11876
GET	5641
PUT	5416
PUT	19979
GET	1278
GET	27318
GET	34186
PUT	23134
GET	8734
PUT	8839
GET	5049
PUT	1038
PUT	653
PUT	74718
GET	21030
GET	16278
GET	13806
GET	43039
GET	25983
PUT	43290
PUT	19481
PUT	17642
GET	23838
GET	21212
PUT	17216
GET	17326
GET	66457
GET	42539
PUT	8274
GET	18216
GET	16742
GET	27089
PUT	28931
PUT	17439
PUT	43399
GET	5299
GET	10503
PUT	65970
PUT	4705
PUT	46497
GET	24205
GET	14882
GET	24101
GET	13935
PUT	19896
PUT	15321
PUT	2763
GET	27275
PUT	14061
GET	17565
PUT	25112
PUT	12913
PUT	11329
GET	26470
PUT	1714
GET	11749
GET	13461
GET	24640
GET	34009
PUT	8397
PUT	5168
GET	25920
GET	16321
PUT	45448
PUT	1450
GET	42522
GET	22013
GET	10230
GET	33202
GET	17016
PUT	12571
PUT	14331
PUT	27804
GET	13921
GET	8237
GET	10734
GET	13822
GET	9997
PUT	16090
GET	9284
GET	16694
GET	32385
GET	11252
GET	10728
GET	20327
PUT	19036
GET	21207
GET	14558
PUT	2478
PUT	14769
PUT	13098
PUT	5344
GET	15762
GET	19715
GET	27196
PUT	19582
GET	2259
GET	7818
GET	14306
GET	16314
GET	18799
PUT	14412
GET	3714
GET	28578
GET	13487
PUT	9173
GET	13710
GET	12652
PUT	21844
PUT	1131
PUT	23818
GET	12717
PUT	12242
PUT	8081
GET	2895
PUT	5456
GET	975
GET	12475
GET	18231
PUT	13211
GET	1776
GET	3101
GET	6359
GET	12024
PUT	15071
GET	3802
GET	2961
PUT	4657
PUT	12354
PUT	11673
PUT	11152
PUT	6274
GET	10757
PUT	10256
GET	2702
PUT	10999
GET	143
PUT	4826
GET	13572
GET	3292
GET	2954
GET	1529
GET	7661
GET	4877
GET	5709
GET	5844
PUT	5318
GET	5628
GET	1656
GET	1008144
GET	1003216
GET	1008791
GET	1005773
PUT	2595
GET	2492
PUT	4296
PUT	4870
PUT	5392
GET	1011445
GET	1012746
GET	1001837
GET	1009895
GET	5158
PUT	2506
GET	1001680
PUT	2321
PUT	3501
PUT	3393
GET	10624
GET	4043
PUT	805
GET	2495
GET	PUT	4426776

GET	634
PUT	2172
GET	8925
GET	5771
GET	3517
PUT	7531
PUT	5552
GET	243
GET	1000744
GET	1001039
PUT	166
GET	5667
GET	3579
PUT	4269
GET	1000487
GET	1508
GET	1014104
GET	1005009
PUT	3913
GET	187
PUT	3087
GET	2375
GET	1002417
GET	1002109
PUT	355
GET	1024264
GET	1004918
GET	1002432
PUT	2884
GET	308
GET	1024226
PUT	2721
GET	1011604
GET	1636
GET	1000979
GET	1002311
GET	1002810
PUT	4009
PUT	3924
GET	1013
GET	858
GET	1003438
GET	1001786
GET	1001991
GET	1001129
GET	1050068
GET	1001164
