VALS	10	50	3
PUT	1404PUT	
PUT	1121
PUT	1623
PUT	1541PUT	
1209
2506
GET	717
PUT	1421
PUT	2608
PUT	3544
PUT	2617
GET	1128
PUT	7000
PUT	2502
PUT	10763
GET	3282
PUT	3366
GET	3746
PUT	1625
PUT	2230
PUT	PUT	19995533

GET	12126
PUT	8952
PUT	4413
GET	12494
GET	4436
GET	4340
PUT	4537
PUT	6925
PUT	10357
PUT	2435
GET	4684
PUT	8252
PUT	2663
GET	1341
PUT	3726
PUT	6897
PUT	9660
GET	7320
PUT	6751
PUT	20120
GET	5806
PUT	9593
PUT	17576
GET	5778
GET	1654
PUT	5002
PUT	2025
GET	1685
GET	19258
PUT	5975
PUT	2685
GET	5496
GET	20266
GET	3304
GET	3004
GET	14590
GET	2782
PUT	4589
PUT	10097
PUT	11124
GET	2930
PUT	5701
GET	3035
GET	18824
PUT	3524
PUT	29442
GET	9983
GET	479
PUT	12355
GET	25993
PUT	21343
PUT	7347
GET	11836
PUT	22675
PUT	4862
PUT	983
PUT	976
PUT	20623
PUT	17265
PUT	9344
PUT	15308
GET	1360
PUT	11851
GET	334
PUT	1729
GET	856
GET	1334
PUT	19774
PUT	1240
PUT	24652
PUT	1107
GET	2060
PUT	19198
PUT	9102
GET	2593
PUT	15879
PUT	27246
PUT	21022
PUT	20657
GET	3140
PUT	3690
PUT	31184
GET	12578
GET	13003
PUT	16822
GET	1855
GET	972
GET	13987
PUT	10888
PUT	22447
GET	1844
GET	24044
PUT	17913
GET	2509
PUT	4807
PUT	24122
PUT	13625
PUT	1630
GET	4982
PUT	2680
PUT	23424
GET	260
GET	1348
GET	3795
GET	4969
PUT	14520
PUT	315
GET	2033
PUT	2490
PUT	7380
GET	704
GET	3258
PUT	3830
PUT	3662
GET	6059
GET	5992
GET	2655
PUT	1388
GET	20063
PUT	1165
PUT	3930
PUT	6277
PUT	710
GET	8015
PUT	25511
GET	485
GET	8928
GET	9053
PUT	5377
GET	6256
GET	2917
PUT	8694
PUT	3801
PUT	4984
PUT	854
GET	3582
GET	8172
PUT	4549
PUT	8878
GET	5563
GET	2888
GET	4005
GET	6964
GET	7873
GET	1370
GET	3599
PUT	1483
PUT	4686
PUT	1444
PUT	2462
GET	101
PUT	9223
GET	1060
PUT	4670
PUT	2082
PUT	2076
GET	6318
GET	3780
PUT	2603
GET	776
GET	5579
GET	3904
GET	5525
PUT	5277
GET	1093
PUT	7192
PUT	1075
PUT	7269
PUT	6041
PUT	6629
GET	2761
GET	5690
GET	5182
GET	3734
GET	1334
PUT	2479
PUT	3307
GET	261
GET	3319
PUT	5799
GET	753
PUT	3335
GET	3198
PUT	1556
PUT	1952
GET	2419
GET	2290
GET	1076
PUT	2443
PUT	4304
GET	410
PUT	1056
GET	365
GET	1906
GET	1277
PUT	2041
GET	1330
GET	1005760
PUT	1314
GET	3873
GET	1003543GET	
1009030
GET	1001773
GET	1002560
PUT	1136
GET	1001899
PUT	7420
PUT	1572
PUT	2087
PUT	1774
GET	926
GET	906
GET	3243
PUT	842
PUT	5527
GET	3352
GET	1175
PUT	1133
GET	5573
GET	645
GET	1001454
GET	1002024
GET	1001219
GET	1005338
PUT	1723
GET	516
PUT	1590
PUT	1310
PUT	2005
PUT	2640
GET	1002118
GET	1002544
GET	1305
PUT	538
GET	2243
PUT	348
GET	4505
PUT	1203
GET	1002908
GET	1005638
PUT	415
PUT	5551
GET	456
GET	12726
GET	1001664
GET	1010443
GET	1003397
GET	2984
PUT	494
PUT	2900
GET	10229
GET	7827
GET	1008325
GET	1002679
PUT	325
GET	2346
GET	3917
GET	1000749
GET	1001657
GET	2538
PUT	2757
GET	1000462
PUT	2809
GET	2510
GET	1001811
PUT	2975
PUT	1563
GET	1563
PUT	2464
GET	1567
GET	1000565
GET	1000960
GET	2447
GET	972
PUT	3133
GET	2308
GET	1070191
GET	1057909
VALS	15	50	3
PUT	PUT	PUT	710
PUT	1575
903
612
PUT	852
PUT	654
PUT	128
GET	1622
PUT	113
PUT	2112
PUT	1886
PUT	1433
PUT	4578
GET	577
PUT	3294
GET	655
PUT	623
PUT	2050
PUT	3637
GET	1329
PUT	2978
GET	3184
GET	4341
PUT	6330
PUT	3835
PUT	7105
PUT	3037
GET	4109
PUT	341
GET	399
GET	4042
PUT	8983
PUT	6980
GET	5641
PUT	8555
GET	1203
PUT	9308
PUT	11084
PUT	1978
GET	6312
GET	584
PUT	11787
PUT	964
GET	1656
PUT	198
PUT	12426
GET	3010
GET	1801
GET	4452
PUT	1933
GET	16238
PUT	15693
PUT	18865
GET	18195
PUT	2597
PUT	18970
PUT	12174
PUT	19441
PUT	19501
PUT	21012
PUT	20599
PUT	21458
PUT	21107
PUT	20637
PUT	6496
PUT	20560
GET	22263
GET	5737
PUT	21977
GET	3343
PUT	14139
PUT	25048
GET	2175
PUT	23125
PUT	20738
PUT	20650
GET	343
PUT	2867
GET	128
PUT	25379
PUT	25022
PUT	15863
PUT	25823
PUT	14750
GET	9374
PUT	25945
GET	365
GET	24586
GET	4065
GET	6344
GET	1379
GET	18625
PUT	24328
PUT	568
PUT	28505
GET	22896
PUT	26379
PUT	1533
PUT	6206
PUT	3927
PUT	30157
GET	9085
GET	8091
GET	1576
PUT	1623
PUT	2099
GET	4528
PUT	30565
GET	13116
GET	29507
GET	20731
PUT	12764
PUT	7089
PUT	21548
GET	36780
GET	595
PUT	491
GET	2280
GET	2141
PUT	320
PUT	967
GET	946
PUT	15644
GET	23206
PUT	38866
PUT	15066
PUT	23645
GET	16578
GET	20970
PUT	42568
GET	16511
GET	15058
PUT	42342
GET	22114
GET	22521
GET	31999
GET	5107
PUT	22390
GET	16379
PUT	11479
PUT	18407
PUT	2512
GET	24604
GET	20561
GET	1623
PUT	2929
GET	PUT	656
14631
GET	4629
PUT	18915
GET	18048
PUT	960
PUT	5105
GET	19955
PUT	1145
GET	23398
GET	1362
GET	839
PUT	5654
GET	20193
GET	21080
GET	7564
PUT	20366
PUT	14147
GET	2757
GET	5268
PUT	17781
GET	22183
GET	23628
GET	8346
GET	4810
PUT	535
PUT	470
GET	1464
GET	39643
GET	7969
PUT	879
PUT	6102
PUT	24092
GET	30787
PUT	3438
PUT	6398
PUT	18034
GET	1043
PUT	7664
PUT	11130
PUT	3317
PUT	25432
GET	7327
PUT	290
PUT	11921
PUT	3275
GET	1365
GET	229
PUT	5183
PUT	12214
PUT	6449
GET	13988
GET	2218
PUT	14669
GET	6662
GET	5764
PUT	6465
PUT	11067
GET	5663
PUT	540
GET	764
GET	6151
GET	5339
GET	3993
GET	14157
GET	7154
PUT	10561
GET	7321
GET	16541
GET	6987
GET	11912
PUT	9077
PUT	14769
PUT	18612
GET	3949
GET	6084
PUT	13278
PUT	15312
GET	662
GET	12094
PUT	6886
GET	6336
GET	2945
PUT	1926
GET	2129
GET	673
GET	1834
GET	8596
PUT	4924
GET	2812
GET	6673
PUT	10640
GET	2149
PUT	641
PUT	4882
PUT	3164
PUT	3840
GET	5397
GET	998
PUT	6025
PUT	4510
PUT	5353
GET	3570
GET	3300
GET	2811
GET	4327
GET	3445
GET	2763
GET	2205
GET	2851
PUT	4501
GET	2065
GET	1008110
GET	1005417
GET	1006243
GET	1002310
PUT	1000
PUT	1536
PUT	1324
GET	1041
GET	953
PUT	1182
PUT	1158
GET	1001448
GET	1429
GET	3340
PUT	7182
GET	716
GET	1002377
GET	1001664
GET	1006628
PUT	412
GET	1001469
GET	2992
PUT	3218
GET	883
GET	1000995
GET	1003291
GET	1005509
GET	1001473
PUT	4912
PUT	654
GET	358
PUT	3992
GET	1001140
GET	3325
PUT	2271
GET	2547
PUT	1537
GET	1349
GET	1003466
GET	2248
GET	1008908
GET	1003998
VALS	20	50	3
PUT	PUT	1265
2444
PUT	2983
GET	512
PUT	618
PUT	584
PUT	1116
PUT	1346
PUT	836
PUT	1053
PUT	5814
GET	802
PUT	3530
PUT	2266
PUT	2970
PUT	2803
PUT	7436
PUT	5255
GET	2196
GET	5204
PUT	4457
PUT	4691
PUT	9084
PUT	1221
PUT	6078
PUT	2668
PUT	6330
GET	2375
GET	3965
PUT	7626
GET	2145
GET	4212
PUT	9292
PUT	12860
PUT	6122
PUT	8703
PUT	1587
PUT	7827
PUT	10479
GET	8147
PUT	11359
PUT	9311
PUT	12066
PUT	4609
PUT	12229
PUT	12989
PUT	14104
PUT	17843
GET	15679
PUT	13535
GET	8002
GET	5742
PUT	16232
GET	9640
PUT	15265
PUT	17184
PUT	7898
PUT	15427
GET	14830
PUT	18773
GET	6903
GET	11781
GET	17794
PUT	2895
GET	14290
PUT	PUT	2330
18879
GET	15987
GET	4212
GET	10347
GET	6583
GET	6948
PUT	1288
PUT	2111
PUT	20388
PUT	19333
PUT	19665
GET	1154
GET	2871
GET	970
GET	5976
PUT	21225
GET	11905
PUT	20794
GET	11675
PUT	295
GET	1944
PUT	10499
PUT	23322
GET	23362
GET	16079
PUT	2006
PUT	3799
GET	21282
GET	2273
PUT	2556
PUT	23833
PUT	5132
GET	12530
GET	8706
PUT	23186
GET	17117
GET	12975
GET	3185
GET	3030
GET	10285
PUT	26186
GET	12055
PUT	3314
PUT	8128
PUT	12836
PUT	28129
PUT	8879
GET	6399
GET	3866
PUT	2345
GET	15745
PUT	3347
PUT	12156
GET	7829
GET	22466
PUT	10874
GET	13686
GET	679
PUT	804
GET	7120
PUT	5310
PUT	23215
GET	19421
GET	5364
PUT	5599
PUT	2459
PUT	1172
PUT	927
GET	23288
GET	19367
GET	800
GET	5266
GET	5174
GET	5985
GET	4551
GET	2532
PUT	8849
GET	20156
PUT	19810
GET	18152
PUT	3003
PUT	10413
GET	15985
GET	17523
PUT	6975
GET	20878
PUT	15426
PUT	8922
PUT	2395
PUT	5902
GET	2076
PUT	14911
PUT	17364
PUT	14754
PUT	8869
PUT	14126
PUT	3290
PUT	24112
GET	8977
PUT	11348
GET	16647
GET	9769
PUT	7877
PUT	18731
GET	1616
GET	18627
GET	10241
PUT	9980
PUT	1493
GET	5939
GET	13322
PUT	7179
GET	11772
GET	14472
GET	11575
GET	16915
PUT	15858
GET	18972
GET	7113
GET	9714
PUT	1357
PUT	12335
GET	3004
GET	8742
PUT	2126
GET	5165
GET	26813
GET	8751
PUT	13406
GET	976
PUT	596
PUT	14715
PUT	25341
PUT	15105
PUT	4025
GET	4875
GET	4203
GET	12380
GET	1606
PUT	5435
GET	15050
PUT	1041
PUT	13790
PUT	17257
GET	10841
PUT	14908
GET	1468
PUT	20095
GET	10034
GET	12878
PUT	6648
GET	5158
GET	14148
GET	14458
GET	16781
GET	10988
GET	12324
PUT	15542
GET	7979
GET	3779
PUT	1454
GET	8768
GET	612
GET	18455
GET	1444
PUT	16748
PUT	15400
PUT	10848
GET	13637
GET	8730
PUT	17694
GET	8335
PUT	11044
GET	12086
PUT	21311
PUT	8919
PUT	9406
GET	12424
PUT	12374
PUT	8651
PUT	11407
PUT	11258
GET	1984
PUT	15604
PUT	11733
PUT	7388
GET	6990
GET	7775
GET	3901
GET	6817
GET	6796
GET	4242
GET	7992
GET	13236
GET	10422
GET	13620
PUT	14173
GET	8177
GET	4677
GET	1159
PUT	8849
GET	8009
GET	5182
PUT	2916
GET	2901
GET	3924
GET	1009258
GET	1012578
PUT	4949
GET	568
GET	1001427
PUT	794
PUT	8183
GET	1298
PUT	442
GET	1095
PUT	7970
GET	853
GET	6109
GET	1001984
GET	1006750
PUT	321
PUT	787
GET	2272
GET	2877
GET	1005857
GET	1002537
GET	1002084
PUT	863
PUT	1940
GET	913
GET	1001007
GET	1001563
GET	1009306
VALS	25	50	3
PUT	1038
PUT	2118
PUT	2954
PUT	3151
PUT	2384
PUT	4391
GET	2484
GET	1912
PUT	5043
PUT	827
PUT	1989
PUT	1149
PUT	1116
GET	1075
PUT	1176
GET	1552
PUT	3038
PUT	8292
GET	4035
PUT	1846
PUT	1565
GET	1129
PUT	6561
GET	6135
GET	5101
PUT	2070
GET	9748
GET	1151
PUT	8581
PUT	1836
PUT	8133
PUT	9859
GET	8035
PUT	10052
PUT	2124
PUT	2243
GET	7783
GET	2302
PUT	11046
PUT	12297
PUT	12510
PUT	777
GET	1170
GET	613
PUT	2261
PUT	15233
GET	3539
PUT	15461
PUT	15465
GET	5760
PUT	17921
PUT	5071
GET	12438
GET	9516
GET	20344
PUT	21247
PUT	26362
PUT	21962
PUT	22244
PUT	22530
PUT	26720
PUT	22138
GET	7344
PUT	18617
PUT	21596
PUT	21812
PUT	22954
PUT	22371
PUT	20449
PUT	23275
GET	25561
GET	1592
PUT	23503
GET	12486
GET	1581
GET	2703
PUT	24178
GET	2081
PUT	25650
GET	7564
PUT	14908
PUT	8822
PUT	8179
GET	9657
GET	10560
GET	17150
PUT	30732
GET	22219
PUT	9213
GET	8440
GET	23454
PUT	9048
PUT	39896
PUT	29586
PUT	40609
PUT	41078
PUT	47169
PUT	12113
GET	35030
PUT	593
PUT	25180
GET	23986
PUT	24391
PUT	47282
GET	25812
PUT	47683
GET	36181
PUT	46379
GET	42473
PUT	48250
PUT	33250
GET	26559
PUT	50453
PUT	1499
GET	17752
PUT	29355
PUT	18135
GET	1550
GET	35769
PUT	18553
GET	8749
GET	29100
GET	2809
GET	17260
PUT	1840
GET	9685
GET	6981
GET	30631
GET	6887
GET	9306
GET	21507
PUT	33412
PUT	22421
GET	29508
GET	19108
GET	807
PUT	30204
GET	371
PUT	464
PUT	10358
GET	24836
PUT	1965
GET	6468
GET	35959
GET	38696
GET	34318
GET	36751
PUT	2610
PUT	27187
GET	27473
PUT	11487
GET	5361
PUT	30516
PUT	12382
PUT	4820
GET	16861
PUT	40299
GET	15580
GET	GET	32637
PUT	10838
43280
GET	22449
PUT	15160
GET	15366
GET	15398
PUT	15612
PUT	13858
GET	15385
GET	20951
PUT	42367
GET	16869
PUT	14228
GET	12870
PUT	16527
PUT	10746
PUT	3714
PUT	2781
GET	8986
PUT	10557
PUT	14574
PUT	17444
GET	13938
GET	15205
GET	5637
PUT	11592
PUT	19803
GET	3035
GET	3595
GET	3446
PUT	20393
GET	21318
GET	9254
GET	15216
PUT	9530
GET	7537
PUT	6382
GET	26825
PUT	8522
GET	11793
PUT	27638
PUT	11248
PUT	9962
PUT	24377
GET	15171
PUT	22383
GET	14873
PUT	14562
PUT	21233
GET	11189
PUT	22541
GET	4892
GET	14750
GET	22176
PUT	3616
GET	1022
GET	12221
PUT	18412
PUT	725
GET	9773
GET	19820
GET	6069
PUT	18912
GET	16069
PUT	1941
PUT	9727
GET	10038
GET	9575
GET	19762
GET	17742
GET	9636
PUT	11189
GET	8446
PUT	7899
GET	15236
GET	9893
GET	4962
PUT	6243
PUT	17888
GET	17646
GET	11579
PUT	16282
PUT	8980
PUT	3541
PUT	13204
PUT	15853
GET	5422
GET	13392
GET	2179
GET	5803
GET	18054
GET	5800
GET	10293
GET	11480
GET	12809
GET	10129
PUT	2614
GET	10788
PUT	9923
PUT	13094
GET	6534
PUT	5190
PUT	9992
PUT	11819
GET	7271
GET	9931
GET	8143
GET	1794
GET	2322
PUT	7367
GET	8548
GET	4999
PUT	10889
PUT	6805
GET	6689
GET	4290
GET	6339
GET	3540
GET	5255
GET	4825
GET	1002522
PUT	642
GET	1001063
GET	1002822
PUT	3484
GET	4369
GET	9447
PUT	11428
PUT	7632
PUT	9537
GET	3922
GET	1003305
GET	7319
GET	6053
PUT	8416
GET	4877
PUT	693
GET	1002904
PUT	3069
GET	3074
GET	1000772
VALS	30	50	3
PUT	3217
PUT	2663
PUT	545
PUT	2550
PUT	1491
PUT	595
GET	379
PUT	2263
PUT	2315
PUT	1996
PUT	2163
PUT	2916
GET	1984
PUT	3961
PUT	2709
PUT	2619
PUT	1739
PUT	3362
GET	1947
GET	2190
PUT	4959
GET	2242
PUT	5996
PUT	2433
GET	3217
PUT	7076
PUT	7078
PUT	2290
GET	5632
PUT	5987
PUT	9770
GET	9877
GET	4850
PUT	10586
GET	7485
PUT	14861
PUT	12032
PUT	12546
PUT	14496
PUT	6713
PUT	14922
PUT	19450
GET	13085
PUT	17095
PUT	7030
PUT	20778
GET	6112
PUT	9556
PUT	10171
GET	20626
GET	7853
PUT	23126
PUT	25537
PUT	2044
GET	21213
GET	13475
PUT	23152
GET	12975
GET	6559
GET	15935
PUT	23923
PUT	7639
PUT	24360
GET	1852
GET	3511
GET	18560
GET	24390
PUT	26563
GET	20854
PUT	27415
PUT	1276
GET	11044
GET	28147
PUT	27716
PUT	18372
PUT	5951
PUT	33743
PUT	31545
GET	27475
GET	15054
PUT	448
GET	27354
PUT	7301
PUT	32147
PUT	31369
PUT	1417
PUT	33120
PUT	35563
GET	9257
GET	2481
GET	814
GET	1106
PUT	11375
GET	25443
PUT	11510
PUT	30532
PUT	34995
PUT	35409
PUT	36392
GET	4364
GET	9329
PUT	15904
PUT	19617
PUT	10871
PUT	37971
GET	6667
GET	31381
PUT	6434
PUT	39279
PUT	41695
PUT	40848
GET	5685
GET	17106
PUT	2121
GET	16747
GET	11515
GET	27800
GET	7760
PUT	19909
PUT	8353
GET	120
GET	5736
GET	21701
GET	12930
PUT	3583
PUT	14223
GET	37790
PUT	6702
GET	32246
GET	17053
PUT	12310
PUT	21463
GET	10839
GET	8417
PUT	5515
PUT	3750
GET	14267
GET	37623
GET	22648
GET	34133
PUT	9081
GET	32471
PUT	1317
PUT	1268
GET	6681
GET	23320
PUT	24680
PUT	28078
PUT	7153
PUT	20408
GET	15740
GET	32047
PUT	6376
GET	1691
GET	38366
GET	9780
GET	11109
GET	23587
GET	15336
PUT	7839
PUT	16021
GET	28702
PUT	21428
GET	17372
GET	22668
GET	28481
PUT	11214
PUT	1618
PUT	33331
PUT	31329
PUT	2526
PUT	16849
PUT	5782
GET	10832
PUT	4938
GET	26531
PUT	20728
GET	6298
GET	2755
PUT	22723
PUT	9916
GET	23929
GET	25983
PUT	24728
GET	19229
GET	28343
GET	8142
PUT	30530
GET	13698
PUT	11932
GET	20284
GET	26974
PUT	15218
GET	12654
GET	16206
GET	20102
PUT	21842
GET	11867
GET	24516
PUT	19520
PUT	29798
GET	11252
PUT	23956
PUT	3428
PUT	28467
GET	22183
PUT	16896
PUT	356
PUT	5851
GET	16976
GET	3024
GET	26941
GET	20145
GET	10397
PUT	788
GET	19238
PUT	1873
PUT	294
GET	19482
GET	14803
GET	1812
GET	1682
PUT	22521
PUT	27209
GET	11316
GET	15045
PUT	15338
PUT	17452
GET	2080
GET	8517
GET	7021
GET	1409
PUT	14101
PUT	558
GET	23240
PUT	12568
GET	24642
GET	20935
PUT	21656
PUT	24715
PUT	7485
GET	114
GET	4113
GET	649
PUT	16861
PUT	21261
PUT	10538
GET	1424
GET	22775
GET	18388
PUT	3235
GET	16844
GET	15250
GET	522
GET	18180
GET	12840
PUT	10638
GET	12233
GET	18619
PUT	9133
GET	18059
GET	5540
GET	11075
GET	9788
GET	11287
GET	9144
GET	8580
PUT	14691
PUT	11648
PUT	14361
PUT	4444
GET	6187
GET	5099
PUT	8086
PUT	15842
PUT	14227
GET	2777
PUT	9661
GET	1352
PUT	5479
GET	4355
GET	5417
GET	6521
GET	4566
GET	4833
GET	6147
GET	5557
GET	1005352
PUT	1788
GET	1001542
GET	2412
GET	1001635
PUT	5901
GET	216
GET	1000531
PUT	413
GET	286
PUT	6259
GET	244
GET	1003302
VALS	35	50	3
PUT	7952
PUT	2656
PUT	9907
PUT	6016
PUT	6283
PUT	9992
PUT	5400
PUT	9378
PUT	6894
GET	2388
PUT	12140
PUT	16116
PUT	10950
PUT	19753
PUT	14227
PUT	7504
GET	15000
PUT	3339
GET	8785
PUT	24397
PUT	22363
PUT	26868
PUT	21654
GET	10016
PUT	29993
PUT	29984
PUT	28654
GET	1480
PUT	27852
PUT	30600
PUT	28293
GET	22595
PUT	25329
PUT	3052
GET	25105
PUT	25499
PUT	34209
GET	597
GET	16288
PUT	2657
PUT	38754
GET	25626
GET	892
PUT	695
PUT	2070
GET	284
PUT	35041
GET	11789
PUT	35579
GET	12762
PUT	37399
PUT	45148
PUT	43433
PUT	12715
PUT	7503
PUT	46798
PUT	43525
PUT	43860
GET	14999
PUT	43068
GET	36516
GET	2861
PUT	44405
PUT	45241
PUT	8113
PUT	51027
PUT	48114
GET	31179
GET	40902
PUT	47575
GET	21612
PUT	19855
PUT	48003
GET	22732
GET	3197
PUT	51664
PUT	2757
PUT	49953
PUT	49641
GET	4332
PUT	52674
GET	41981
GET	2524
GET	26674
PUT	31214
PUT	58215
PUT	55641
GET	47404
GET	46680
GET	23345
PUT	60658
GET	20783
GET	53640
PUT	1986
PUT	34474
GET	1986
GET	4466
GET	13703
GET	30054
PUT	19714
PUT	20065
GET	23969
PUT	25964
GET	45501
GET	30538
GET	35415
GET	28301
GET	31113
GET	31208
GET	26549
GET	51585
GET	28342
PUT	25660
PUT	20051
GET	GET	53498
56962
GET	26985
PUT	3745
GET	29908
GET	1006
PUT	17308
GET	37329
GET	27901
GET	36990
GET	29450
GET	41629
PUT	3650
PUT	36952
GET	3305
PUT	31741
PUT	6928
PUT	41090
GET	44141
PUT	16209
GET	17867
PUT	51286
GET	59262
GET	37551
PUT	33524
GET	4955
PUT	39392
GET	38123
GET	21295
PUT	4329
GET	45916
PUT	19663
GET	45318
PUT	39770
PUT	41052
PUT	37995
PUT	25028
GET	25116
GET	17977
PUT	25365
PUT	38911
GET	3615
PUT	27764
GET	5867
PUT	20934
PUT	39798
PUT	30821
PUT	19507
PUT	21086
GET	25036
GET	9319
PUT	17075
PUT	35559
GET	20116
GET	8387
GET	48415
GET	4201
PUT	24494
PUT	38451
PUT	12156
PUT	27044
GET	8771
GET	27169
GET	18810
GET	4818
PUT	36092
GET	9324
GET	7529
PUT	34881
PUT	29413
PUT	43071
GET	2076
PUT	22903
GET	7553
GET	25203
GET	18380
PUT	37585
PUT	3901
GET	31266
PUT	29075
PUT	28654
PUT	3387
PUT	28282
PUT	13603
GET	14880
GET	20374
PUT	31468
GET	35276
PUT	29839
GET	34323
GET	5130
PUT	29571
PUT	18407
GET	5913
GET	36443
GET	16922
PUT	27732
GET	24844
GET	34825
PUT	25906
GET	38762
GET	18422
PUT	12388
GET	25361
PUT	11886
PUT	22583
PUT	14579
PUT	3276
GET	3782
GET	10753
PUT	6732
PUT	20854
GET	1862
PUT	11969
PUT	20826
PUT	30144
GET	11807
PUT	29069
GET	21478
PUT	8129
GET	16833
PUT	17757
GET	6148
GET	25576
GET	24526
PUT	25240
GET	26879
GET	7118
GET	23098
GET	15987
GET	13925
GET	6745
GET	14266
GET	27070
GET	14642
PUT	9711
PUT	19497
PUT	17201
GET	24309
PUT	20292
GET	17910
PUT	6319
PUT	25761
GET	1682
PUT	21177
GET	18849
GET	8547
GET	26222
GET	14792
GET	11684
GET	14115
GET	18021
PUT	14228
PUT	13225
GET	5285
GET	8746
PUT	12184
PUT	15030
GET	10407
GET	11868
GET	6102
GET	3124
GET	9516
PUT	9349
GET	11459
GET	949
GET	4708
GET	7410
GET	1013149
GET	1003702
GET	1008114
PUT	484
PUT	1291
PUT	945
GET	668
GET	841
GET	7084
PUT	7714
GET	840
PUT	7160
GET	7035
GET	1001049
GET	1001343
GET	1002600
PUT	10932
GET	12969
VALS	40	50	3
PUT	1656
GET	8836
PUT	3820
PUT	1948
PUT	15322
GET	1491
PUT	9547
PUT	8214
GET	5126
PUT	4439
PUT	21469
PUT	21656
PUT	23474
PUT	24065
PUT	5419
PUT	17765
PUT	16115
PUT	20398
PUT	27462
GET	6948
GET	4519
PUT	28420
PUT	1974
GET	6892
GET	13382
PUT	22510
PUT	4113
PUT	33309
PUT	32440
GET	18353
GET	13667
PUT	26453
PUT	36591
PUT	36521
PUT	4538
PUT	25865
GET	7345
GET	4163
PUT	6735
PUT	39144
GET	10220
PUT	40015
PUT	39624
PUT	31616
GET	2200
PUT	8655
GET	6306
PUT	28963
PUT	36570
GET	18270
PUT	34495
GET	10136
PUT	29996
PUT	41182
PUT	39121
PUT	5411
PUT	12658
PUT	38770
GET	9424
GET	22644
GET	2271
PUT	46936
GET	4157
PUT	10510
PUT	42092
PUT	49636
GET	13975
GET	23962
PUT	4077
PUT	3581
GET	8382
PUT	47590
GET	3462
PUT	41616
GET	21693
GET	7743
PUT	46958
GET	15550
GET	14475
PUT	8244
GET	4293
GET	39423
PUT	9959
PUT	50219
GET	19175
PUT	48569
GET	23940
GET	7195
PUT	54098
PUT	57368
PUT	53304
GET	4221
PUT	9898
GET	3789
PUT	48601
GET	8065
GET	7433
PUT	58609
PUT	50319
PUT	64959
GET	4139
PUT	4284
PUT	59610
PUT	23497
GET	22369
GET	35707
GET	23643
GET	1655
GET	33565
GET	46308
PUT	15748
PUT	1084
PUT	8050
PUT	64519
PUT	68185
GET	22348
PUT	17760
GET	23008
GET	2916
GET	6306
GET	28234
GET	53188
PUT	25851
PUT	17707
GET	11243
GET	37517
GET	35804
PUT	36410
PUT	5106
PUT	8926
GET	106
PUT	28706
PUT	35605
PUT	5362
PUT	12878
PUT	3801
GET	13760
GET	20884
GET	4416
GET	10666
GET	28234
PUT	18939
GET	51674
GET	1080
GET	6657
GET	6713
PUT	30030
PUT	13407
GET	39282
GET	26541
GET	39672
GET	7068
PUT	36001
PUT	7770
GET	34124
GET	17494
GET	38194
GET	13712
PUT	21646
PUT	7862
PUT	32974
PUT	5513
GET	21052
PUT	13095
PUT	17904
PUT	26490
GET	31886
GET	10475
PUT	39541
GET	15446
GET	10750
GET	36832
PUT	42453
PUT	16826
PUT	25669
PUT	26938
GET	12650
PUT	43478
GET	2450
GET	24444
PUT	6635
GET	23830
GET	34358
GET	40500
GET	36285
PUT	39028
PUT	16424
PUT	11913
GET	27734
PUT	21904
GET	14063
GET	45671
GET	24082
PUT	461
GET	14870
PUT	18793
PUT	30813
PUT	37951
PUT	12061
PUT	35364
PUT	4737
PUT	26880
PUT	29822
GET	22495
PUT	36154
GET	24452
PUT	30795
GET	18380
GET	13909
PUT	18472
PUT	26476
GET	468
PUT	36271
PUT	40160
GET	655
PUT	18238
GET	31232
GET	29146
GET	36196
GET	28881
GET	36861
GET	22809
PUT	31817
PUT	7000
PUT	27345
PUT	20347
GET	880
GET	16116
GET	39422
GET	6234
GET	3983
GET	25236
GET	42220
PUT	34473
PUT	18095
GET	19469
GET	520
GET	33618
PUT	4129
PUT	32201
PUT	18779
PUT	19708
GET	22759
GET	24094
PUT	33635
GET	33606
GET	3348
PUT	14544
GET	302
GET	25281
GET	13533
GET	17278
GET	22352
GET	28358
PUT	1490
GET	6513
GET	25441
GET	33743
GET	29349
PUT	19786
PUT	12579
PUT	21558
PUT	4980
GET	26420
GET	40515
PUT	12887
PUT	11303
PUT	612
GET	38720
GET	17243
GET	18770
PUT	30317
PUT	30843
GET	3353
PUT	32214
GET	25945
GET	15586
PUT	28383
GET	24339
PUT	28765
GET	19666
GET	15947
GET	15946
GET	16692
GET	7505
GET	8880
PUT	21674
GET	185
GET	11565
GET	11188
GET	6408
PUT	12363
GET	GET	110628937

GET	5795
GET	1002087
PUT	778
GET	1857
PUT	17391
GET	2824
VALS	45	50	3
PUT	6705
PUT	2934
PUT	1546
PUT	2752
PUT	5108
GET	3837
PUT	12341
PUT	5870
PUT	11255
PUT	10409
GET	7322
GET	3204
PUT	14368
PUT	15966
PUT	2927
GET	10514
PUT	14892
PUT	17143
PUT	16286
PUT	20852
PUT	8153
PUT	24614
PUT	19973
GET	9973
PUT	26213
GET	13953
GET	8162
PUT	22198
PUT	22440
PUT	23464
PUT	27305
GET	10709
GET	22363
PUT	25113
PUT	30603
GET	9729
PUT	26947
PUT	7680
PUT	36173
GET	5866
GET	10934
PUT	34497
PUT	22216
PUT	10208
GET	9448
PUT	37544
PUT	37746
PUT	44419
GET	15950
PUT	40885
PUT	36959
PUT	43497
PUT	20065
GET	6858
PUT	44877
PUT	45965
GET	25939
GET	2935
PUT	12357
PUT	50645
PUT	49573
PUT	48886
PUT	45132
GET	25217
PUT	47759
PUT	50348
GET	12714
GET	26396
GET	30555
GET	4499
PUT	52728
PUT	51449
PUT	6583
PUT	14140
GET	7319
PUT	52741
PUT	60735
GET	51739
PUT	58510
PUT	10502
PUT	24101
GET	931
GET	41509
PUT	1669
GET	27563
PUT	8886
PUT	57983
PUT	62068
PUT	61272
PUT	4003
GET	17897
PUT	11828
PUT	12137
PUT	68818
GET	28643
GET	8107
PUT	63352
GET	16444
GET	2186
GET	7696
GET	58003
PUT	5169
GET	47666
GET	45634
PUT	14863
PUT	27415
PUT	31785
PUT	49164
GET	23332
GET	44754
PUT	12319
GET	30198
GET	39440
GET	27282
PUT	10324
PUT	32393
GET	67742
GET	41190
GET	15588
PUT	18707
GET	27691
GET	13111
PUT	63511
GET	37646
GET	32292
GET	70564
PUT	67204
GET	70489
GET	43642
GET	41233
GET	49484
GET	29063
GET	45146
GET	28636
GET	31249
GET	43723
GET	6615
GET	35769
PUT	8928
PUT	3076
GET	73987
PUT	3029
PUT	9202
PUT	4666
GET	45383
GET	3161
PUT	1420
GET	33769
GET	34090
GET	25106
PUT	36169
GET	28249
PUT	26198
PUT	35782
GET	26932
PUT	27243
GET	25018
GET	54049
PUT	20298
PUT	26324
PUT	54589
PUT	57698
PUT	24081
GET	57310
PUT	21473
PUT	21954
GET	27349
PUT	32785
PUT	20757
GET	7597
PUT	2600
GET	7454
GET	51467
GET	7829
PUT	46537
GET	36481
GET	58990
PUT	17499
GET	29238
GET	25052
PUT	42587
GET	4937
PUT	27172
PUT	31287
GET	59933
PUT	6511
PUT	4152
PUT	24754
GET	29010
GET	22691
PUT	37735
PUT	6133
PUT	35050
PUT	940
PUT	19012
GET	2084
PUT	47482
PUT	31273
PUT	36328
GET	5776
GET	26191
GET	2445
GET	5935
GET	35497
PUT	43242
GET	4305
PUT	29082
PUT	43850
PUT	29224
GET	1428
PUT	41970
GET	5129
PUT	7484
GET	19105
GET	40716
GET	15352
PUT	40102
GET	19011
GET	37508
GET	46388
GET	29701
GET	24766
GET	31544
GET	30124
GET	37332
GET	31927
PUT	22943
GET	20300
PUT	9177
PUT	29364
GET	31457
GET	39376
PUT	31735
GET	12061
GET	2499
PUT	35648
GET	43738
PUT	43022
PUT	40461
GET	33225
GET	22485
GET	11131
GET	20145
GET	36928
PUT	18177
PUT	21344
GET	33277
GET	6247
PUT	29241
PUT	43395
PUT	15307
GET	12675
GET	35608
GET	32354
GET	7452
GET	15951
PUT	39662
PUT	19242
PUT	23645
GET	29964
GET	26975
PUT	23824
GET	8351
PUT	26947
PUT	21250
GET	11343
PUT	31668
GET	2646
PUT	16335
PUT	16708
PUT	21799
PUT	7723
GET	15220
PUT	17333
PUT	20808
PUT	10284
GET	23694
PUT	16298
GET	12527
GET	4224
GET	21913
GET	12395
GET	7555
GET	16438
GET	17051
GET	4007
GET	23784
GET	6519
GET	7415
GET	9112
GET	14192
GET	15314
GET	11474
GET	11429
PUT	12381
GET	1839
GET	1004675
PUT	6317
GET	19626
GET	1002136
VALS	50	50	3
PUT	606
PUT	2640
PUT	2319
PUT	2018
PUT	1805
GET	1665
PUT	5791
PUT	5194
GET	2758
PUT	9137
PUT	8362
PUT	5830
PUT	6008
PUT	2780
PUT	11674
PUT	8357
GET	7598
PUT	9254
PUT	946
GET	6177
PUT	14763
PUT	10457
PUT	13111
PUT	4285
PUT	16818
GET	9641
GET	7292
PUT	16752
PUT	20926
PUT	21423
GET	12146
PUT	24500
GET	8632
PUT	26785
PUT	26760
GET	26256
PUT	24666
PUT	10174
GET	24244
GET	18129
GET	8963
GET	13724
PUT	29288
PUT	9794
PUT	28784
GET	18598
PUT	32326
PUT	31960
PUT	33443
PUT	32965
PUT	34436
GET	8849
GET	29573
PUT	320
GET	27321
GET	11590
PUT	38344
PUT	39201
GET	31945
PUT	40779
PUT	46422
PUT	43170
PUT	44672
PUT	16662
GET	4023
PUT	48544
PUT	51447
PUT	18250
GET	21192
PUT	23031
PUT	49271
PUT	55139
GET	42028
GET	35055
GET	48951
PUT	54433
PUT	56180
PUT	56417
GET	3104
PUT	52776
PUT	4037
PUT	55763
GET	45305
PUT	57121
GET	12945
GET	8090
GET	52491
GET	2405
PUT	32315
GET	27353
PUT	42944
GET	39757
PUT	2573
GET	26187
PUT	6182
PUT	2495
GET	46868
PUT	64188
PUT	64543
PUT	64517
PUT	38043
GET	5973
GET	16085
GET	34663
GET	2963
GET	19700
GET	44229
GET	5791
GET	41552
GET	27160
GET	9845
PUT	20019
PUT	37552
GET	39921
PUT	37815
GET	21318
PUT	3075
GET	50935
GET	18664
PUT	51918
PUT	19231
PUT	2049
PUT	43492
GET	34172
GET	66009
PUT	21619
GET	55304
GET	50542
PUT	44586
GET	51445
PUT	19159
GET	10372
GET	43119
PUT	1490
GET	16081
PUT	64916
PUT	44673
GET	13830
PUT	22246
PUT	26169
PUT	24757
GET	2630
GET	47992
GET	52957
GET	35882
GET	16243
GET	8172
GET	60262
GET	33989
GET	25357
GET	44722
GET	53165
PUT	14345
GET	17262
GET	12525
PUT	44713
GET	2479
PUT	35828
GET	41024
PUT	16640
PUT	57075
GET	50061
GET	1983
GET	34859
PUT	52009
PUT	52087
PUT	38654
GET	58384
GET	39477
PUT	30114
PUT	60689
PUT	31759
GET	60336
GET	25835
GET	33213
GET	51917
PUT	36852
GET	51400
GET	25848
PUT	32625
PUT	23608
PUT	52988
GET	5777
GET	1460
PUT	46587
GET	28545
PUT	14071
PUT	14442
GET	11284
GET	14497
PUT	15928
GET	39648
PUT	26632
GET	50154
PUT	55900
PUT	52763
GET	837
PUT	58939
PUT	56179
PUT	40255
PUT	49641
PUT	25659
PUT	43402
PUT	37436
PUT	47607
GET	10469
PUT	20149
PUT	21848
GET	27820
PUT	10073
GET	8652
GET	1459
PUT	24012
PUT	30393
GET	5512
PUT	3925
PUT	40358
GET	40215
PUT	35201
PUT	30807
PUT	51802
PUT	25870
GET	28992
GET	40487
PUT	46300
GET	3492
GET	41667
PUT	10146
GET	1816
PUT	2136
GET	16932
GET	40314
GET	23221
GET	48259
PUT	13258
PUT	40357
GET	48106
PUT	4817
GET	1105
PUT	4547
GET	33010
PUT	55625
GET	39015
GET	53117
GET	60146
GET	54291
PUT	55295
GET	34819
GET	52858
GET	31908
GET	35192
GET	58246
PUT	56707
PUT	61582
PUT	4806
GET	51621
GET	38304
PUT	39651
GET	40210
GET	35508
GET	18669
GET	51087
GET	39740
GET	19952
GET	2649
PUT	6347
GET	51063
GET	37380
GET	54645
GET	51545
GET	37989
PUT	8244
GET	5537
PUT	15529
PUT	44515
PUT	31111
GET	17183
GET	26289
GET	26166
PUT	15128
GET	7399
PUT	12209
GET	19522
GET	23632
PUT	17791
GET	9612
GET	21465
PUT	25476
GET	9783
GET	14547
GET	5900
GET	2458
PUT	17244
GET	10406
PUT	10356
PUT	12030
GET	8986
GET	6450
GET	6398
GET	6897
VALS	55	50	3
PUT	2409
PUT	2109
PUT	7338
PUT	5464
PUT	1333
PUT	9194
PUT	2467
PUT	3433
PUT	12025
PUT	13135
GET	5797
GET	2898
PUT	10386
GET	11144
PUT	954
PUT	16146
PUT	20209
PUT	16894
PUT	15653
PUT	10906
GET	20179
PUT	23863
PUT	31999
PUT	32931
PUT	28856
PUT	31140
PUT	29099
PUT	29372
PUT	33694
PUT	37431
GET	20321
GET	2457
GET	17930
GET	6513
PUT	761
PUT	39539
PUT	3447
PUT	17447
PUT	46208
GET	26664
PUT	39004
PUT	40886
PUT	39848
PUT	47927
PUT	8642
GET	11147
GET	10503
GET	13919
GET	47756
GET	49279
PUT	802
PUT	5680
PUT	60584
GET	29859
PUT	60862
PUT	21883
PUT	70671
PUT	24242
PUT	56636
GET	42423
PUT	73959
GET	51344
PUT	69003
PUT	67988
PUT	68169
PUT	38516
PUT	72464
GET	12372
PUT	70218
PUT	71519
PUT	71716
GET	58357
PUT	75429
GET	977
PUT	16093
GET	11915
GET	15491
GET	41249
GET	42947
GET	57772
GET	56995
PUT	83094
GET	86743
GET	15606
GET	25315
PUT	86007
PUT	87809
GET	81479
PUT	85796
GET	46825
GET	86636
GET	67771
PUT	85548
GET	87107
GET	48562
PUT	89127
GET	62553
PUT	89064
GET	25886
PUT	2888
GET	61891
PUT	96292
GET	52164
PUT	22569
PUT	8267
GET	83235
GET	58627
GET	28103
PUT	24421
GET	23524
GET	13057
GET	2019
PUT	21093
PUT	11835
GET	63737
GET	40644
GET	51064
PUT	52862
GET	20012
PUT	20623
PUT	29940
PUT	16264
PUT	28812
PUT	10818
GET	78915
GET	23048
GET	50792
GET	26987
PUT	51385
GET	61147
PUT	23225
PUT	36488
GET	37546
GET	36066
PUT	35099
PUT	37805
GET	12594
PUT	43661
GET	14773
PUT	22697
GET	2287
PUT	6745
GET	58447
PUT	36853
GET	2685
PUT	43857
PUT	50307
GET	31335
GET	61855
PUT	31911
GET	21200
GET	28388
GET	46330
GET	10386
PUT	54375
GET	44507
GET	26302
PUT	66150
GET	78016
PUT	96188
PUT	81202
GET	82594
GET	38190
GET	81589
PUT	70305
GET	7692
GET	52264
PUT	32849
GET	73440
GET	54960
GET	72679
PUT	76788
PUT	63283
GET	74927
PUT	76498
PUT	24027
PUT	47043
PUT	13627
GET	29226
GET	2115
PUT	50149
GET	44592
GET	38541
GET	48121
PUT	37488
GET	38383
PUT	27142
PUT	31127
PUT	54692
PUT	78596
PUT	60978
PUT	15618
PUT	30986
PUT	47171
PUT	74414
GET	91205
PUT	20285
GET	50997
PUT	82279
PUT	52883
PUT	83917
GET	17857
GET	37786
PUT	66633
GET	6760
GET	16476
PUT	69016
GET	15000
PUT	22738
GET	23611
GET	11466
GET	19118
GET	31320
GET	17540
PUT	29128
PUT	44807
GET	74379
GET	30106
PUT	57112
GET	38831
PUT	33523
GET	53877
GET	39664
GET	3866
PUT	21402
GET	23744
GET	52107
GET	42072
GET	34536
GET	14479
PUT	60107
PUT	48436
PUT	49792
PUT	5997
GET	64933
GET	39134
PUT	11515
GET	50620
PUT	36997
PUT	50225
GET	41195
PUT	68314
PUT	22566
GET	45983
PUT	28173
GET	40623
GET	49371
PUT	33412
PUT	47150
GET	53508
PUT	23951
GET	5030
PUT	17493
GET	26542
GET	22110
PUT	68040
GET	43426
PUT	18298
PUT	14167
PUT	9092
GET	17599
GET	36551
PUT	42380
GET	30820
GET	27608
GET	7195
GET	44807
PUT	45888
GET	14562
GET	34556
GET	35669
PUT	32678
PUT	17852
GET	48682
PUT	1493
GET	2208
GET	29387
PUT	12373
GET	23479
GET	31589
GET	37217
GET	21069
GET	40685
GET	13213
PUT	24885
GET	31554
GET	13866
GET	9679
GET	15331
GET	27928
GET	24807
PUT	14412
GET	31222
PUT	19604
GET	9651
GET	2559
PUT	12274
GET	6868
GET	5110
GET	1011808
VALS	60	50	3
PUT	6120
PUT	3647
PUT	5215
GET	7210
PUT	15336
PUT	4023
PUT	15331
PUT	8392
PUT	12519
PUT	20839
PUT	22217
PUT	11266
PUT	13630
GET	11733
GET	8947
PUT	28516
GET	848
PUT	23289
GET	7323
PUT	28657
PUT	23039
GET	2853
PUT	10036
PUT	30212
PUT	11874
PUT	31431
PUT	38817
PUT	32327
GET	19000
PUT	29717
GET	26779
GET	4456
GET	3707
PUT	1545
PUT	37630
GET	21446
PUT	4053
PUT	39674
PUT	39046
PUT	38048
GET	2511
GET	12150
PUT	24513
PUT	25481
PUT	59180
PUT	62967
PUT	7447
PUT	57695
PUT	63324
PUT	68003
PUT	61189
GET	2412
GET	5055
GET	20738
PUT	61554
PUT	65044
PUT	67984
PUT	66460
GET	34805
PUT	69895
PUT	31890
GET	6127
PUT	67688
GET	38272
GET	11172
PUT	64645
GET	56739
PUT	2701
PUT	29328
PUT	76465
GET	31740
GET	51755
GET	6116
PUT	77256
PUT	82418
GET	64827
PUT	5426
PUT	78426
GET	1728
GET	24069
PUT	85825
PUT	48525
PUT	91219
PUT	89136
PUT	24669
PUT	13451
PUT	89149
GET	17927
PUT	93201
PUT	90246
GET	87422
GET	31649
GET	59452
GET	64126
PUT	103691
GET	25351
PUT	1710
GET	83182
GET	858
GET	74344
PUT	101689
GET	41115
GET	15629
PUT	104984
PUT	13940
GET	72089
PUT	82896
PUT	43936
PUT	45391
PUT	51348
GET	24312
PUT	90411
PUT	39466
GET	82000
GET	61834
GET	42923
GET	11462
GET	55204
GET	51167
PUT	3117
GET	80362
PUT	13572
PUT	17550
PUT	22250
GET	14129
GET	50891
PUT	50220
PUT	15707
GET	2584
GET	35165
GET	56405
PUT	51237
PUT	28571
GET	38149
GET	8436
PUT	7191
GET	55337
PUT	11110
GET	45318
PUT	16703
GET	70418
PUT	36945
GET	1022
PUT	7824
GET	58798
GET	9206
GET	12909
PUT	73094
GET	68211
PUT	71099
GET	64238
GET	29751
GET	913
GET	82490
PUT	24830
GET	43791
GET	56982
GET	68954
PUT	39227
PUT	2941
GET	70662
PUT	39046
GET	30147
GET	96682
GET	11324
GET	1072
GET	2059
PUT	6709
GET	49214
GET	1067
GET	57128
GET	44146
GET	27890
PUT	64625
GET	576
GET	69025
PUT	3300
GET	65432
GET	50276
PUT	43131
PUT	23612
GET	56290
GET	66135
PUT	85109
PUT	84329
GET	65972
PUT	32292
PUT	50348
GET	24420
PUT	39545
PUT	71585
PUT	57780
PUT	74887
PUT	75724
PUT	69248
GET	10048
GET	88764
PUT	17178
PUT	16557
GET	84308
PUT	49724
PUT	70508
PUT	61946
PUT	48087
PUT	44538
PUT	58184
PUT	77421
GET	95698
PUT	51718
PUT	18087
PUT	12322
GET	11338
GET	37975
PUT	11958
GET	26900
GET	82833
PUT	56590
GET	14052
GET	72565
GET	35285
GET	36281
PUT	72858
GET	72433
PUT	15784
PUT	77947
PUT	76018
GET	35184
GET	40584
GET	17699
GET	26942
GET	16609
PUT	73142
PUT	79623
GET	9810
GET	1020
GET	26032
GET	28666
PUT	19674
PUT	92717
GET	360
GET	46409
GET	34809
PUT	31107
PUT	29496
GET	40818
GET	49022
PUT	76465
GET	48062
GET	67209
GET	64660
PUT	39141
GET	96457
GET	73876
GET	52045
PUT	33923
GET	8597
GET	39082
GET	36593
GET	38381
GET	57390
PUT	12870
GET	399
PUT	12281
GET	35399
GET	13362
PUT	15901
GET	16722
PUT	3980
GET	780
PUT	20354
GET	24554
PUT	21578
PUT	22501
PUT	22823
PUT	24426
GET	13195
PUT	48297
GET	40229
PUT	19767
GET	506
GET	8400
GET	27653
PUT	26189
PUT	23742
GET	13782
GET	12926
GET	16868
PUT	31867
GET	16760
GET	26054
GET	10938
GET	17844
GET	11690
GET	9350
GET	1002738
PUT	1015
GET	540
PUT	2474
GET	385
GET	1002574
VALS	65	50	3
PUT	3677
PUT	6511
PUT	8143
PUT	13407
PUT	12719
PUT	12487
PUT	23985
PUT	25939
GET	7156
PUT	10669
GET	16643
PUT	24358
PUT	1757
PUT	26381
PUT	15978
PUT	40379
PUT	16871
PUT	39851
PUT	31456
GET	3104
PUT	32386
PUT	36665
PUT	34033
PUT	45598
PUT	23379
GET	40140
GET	4105
PUT	27408
PUT	41354
GET	31761
GET	17410
PUT	50571
PUT	45500
PUT	38822
PUT	40643
PUT	51264
PUT	48880
GET	40681
PUT	60283
GET	20350
PUT	61716
PUT	52603
PUT	49913
PUT	10898
PUT	59537
GET	2121
GET	22315
PUT	5081
PUT	58358
GET	25041
PUT	65703
PUT	61462
PUT	1089
PUT	49927
GET	2420
PUT	70298
PUT	73817
GET	29187
PUT	81137
GET	41154
GET	27547
GET	65451
PUT	31133
GET	26658
PUT	74085
PUT	73544
PUT	61151
PUT	2285
PUT	24543
PUT	80599
GET	14817
PUT	77646
GET	42505
GET	63474
GET	8571
GET	28306
GET	9075
PUT	89968
GET	8908
PUT	88030
PUT	94606
PUT	45894
PUT	12304
GET	22717
PUT	88056
PUT	16771
GET	62884
GET	5150
PUT	4559
PUT	10664
PUT	1152
PUT	70271
GET	1336
PUT	10260
GET	40686
PUT	18216
PUT	32154
GET	40615
GET	77571
GET	47973
PUT	57651
PUT	31537
GET	63024
GET	30330
PUT	43010
GET	89698
PUT	63762
GET	96596
PUT	77329
GET	1595
GET	42788
GET	25738
GET	34656
GET	91944
GET	87250
GET	56869
GET	79224
GET	29624
PUT	86860
PUT	934
GET	46202
GET	5225
PUT	31716
GET	25125
GET	71001
GET	74219
GET	39933
PUT	11124
PUT	47597
GET	13140
GET	54795
GET	86222
GET	81977
PUT	16779
GET	83641
PUT	13250
GET	66886
PUT	55445
PUT	9968
PUT	64705
PUT	10282
PUT	2976
PUT	42856
GET	85904
PUT	17470
GET	62957
GET	12497
GET	47941
GET	9494
GET	26250
GET	81321
GET	12365
PUT	24807
PUT	22356
PUT	33441
PUT	25296
PUT	28120
PUT	27817
PUT	18560
GET	51127
GET	27628
PUT	18411
GET	66796
PUT	9746
PUT	68775
GET	6951
GET	66104
PUT	18513
PUT	26048
GET	4345
GET	22078
GET	69353
GET	22864
PUT	29279
PUT	38175
GET	2195
PUT	19911
GET	83513
GET	9996
PUT	5930
GET	4493
GET	19458
GET	73981
GET	17484
PUT	3902
GET	21934
GET	46628
GET	40571
PUT	1258
GET	34110
GET	5669
PUT	6252
PUT	28758
PUT	54855
PUT	73714
PUT	45756
GET	60772
GET	40470
GET	44272
PUT	21939
GET	32959
PUT	57251
PUT	68817
PUT	68370
PUT	35797
GET	65095
PUT	20401
PUT	72083
GET	15360
PUT	24409
GET	21557
PUT	25197
GET	54114
GET	5318
GET	9436
GET	58092
GET	15189
PUT	7480
PUT	65234
GET	57993
PUT	52952
GET	20685
PUT	64470
PUT	67280
GET	33046
GET	46244
PUT	53641
GET	36475
GET	54751
GET	26038
PUT	54289
GET	67430
PUT	39640
PUT	47440
GET	65593
GET	33507
GET	12310
GET	51121
PUT	13416
PUT	53917
GET	3820
GET	51300
GET	12210
GET	65096
PUT	41527
PUT	6155
PUT	28894
GET	45620
PUT	20874
GET	53186
PUT	51772
PUT	61204
PUT	9104
PUT	54751
GET	24973
GET	3636
GET	16053
GET	46030
GET	6627
PUT	22911
PUT	46519
GET	50572
GET	25353
GET	24032
GET	35463
PUT	56252
GET	19202
GET	43357
GET	20176
GET	44322
GET	23116
GET	29449
PUT	32318
GET	27222
PUT	40397
PUT	35774
PUT	35190
PUT	30911
GET	498
GET	24694
GET	4487
GET	4614
GET	25206
GET	21169
GET	6468
PUT	21674
GET	22385
GET	13780
GET	21315
PUT	18597
GET	3282
GET	9033
GET	1001190
PUT	4140
GET	6793
PUT	3387
GET	351
GET	1001904
PUT	6803
GET	5548
VALS	70	50	3
PUT	1651
PUT	2351
PUT	2861
PUT	4889
PUT	2793
PUT	3537
GET	7227
PUT	10660
GET	8983
PUT	12099
PUT	14240
PUT	14008
PUT	20721
PUT	17064
PUT	9205
PUT	18277
PUT	22356
PUT	29113
GET	7664
PUT	32368
GET	21371
PUT	36148
PUT	32785
PUT	PUT	7184
34633
PUT	34541
PUT	35741
GET	19111
PUT	40701
GET	42246
PUT	42657
PUT	44802
GET	22760
PUT	47841
PUT	47128
GET	12096
PUT	52015
PUT	61961
PUT	61554
GET	30867
PUT	62737
PUT	67368
GET	30224
PUT	68295
PUT	65573
PUT	70552
PUT	67786
PUT	71018
GET	66737
GET	8688
PUT	72697
PUT	75369
PUT	78165
GET	71858
GET	63621
PUT	4306
PUT	31797
PUT	76624
PUT	81001
GET	43862
GET	18119
GET	78675
PUT	2691
PUT	85634
PUT	6278
PUT	88189
GET	11528
GET	68238
PUT	78684
PUT	89670
GET	59102
GET	5682
PUT	92410
PUT	96731
PUT	95786
GET	67252
PUT	99971
PUT	16399
GET	83555
GET	3199
PUT	53101
GET	7900
PUT	104538
GET	39808
GET	26016
GET	24929
GET	61933
PUT	106260
GET	8855
GET	21801
GET	61675
PUT	5526
PUT	45386
GET	13356
GET	45695
PUT	14883
GET	38891
GET	48298
PUT	75437
GET	98494
PUT	10788
GET	56280
GET	105571
GET	94709
GET	75362
PUT	19964
PUT	1837
PUT	91130
PUT	20778
GET	60288
GET	17956
GET	22720
GET	51316
GET	85707
PUT	175
GET	13178
PUT	29325
GET	46113
PUT	63026
PUT	44934
GET	87873
PUT	103371
PUT	64453
GET	73269
PUT	77331
PUT	1558
GET	101321
GET	20083
PUT	47803
GET	22002
PUT	1361
GET	24194
PUT	18040
PUT	35256
PUT	27083
PUT	73641
GET	77829
PUT	47906
GET	89370
PUT	76822
GET	75441
PUT	158
PUT	92034
GET	31667
PUT	9861
GET	28842
PUT	27094
PUT	8100
PUT	61299
PUT	55678
GET	47040
PUT	62580
GET	67098
PUT	76407
GET	70959
GET	122581
GET	111216
PUT	79641
GET	95549
PUT	87475
GET	87184
GET	85368
PUT	59030
GET	3174
GET	10816
GET	7457
PUT	98790
GET	68654
PUT	1895
GET	53650
GET	88278
PUT	79969
PUT	89769
GET	68979
PUT	167
PUT	67393
GET	106603
PUT	89874
GET	5585
GET	45252
PUT	95912
GET	22646
PUT	64641
GET	61808
GET	86574
GET	52520
GET	44890
PUT	99424
PUT	19388
GET	59406
PUT	50664
PUT	33784
PUT	85901
GET	63161
GET	2442
GET	43418
GET	88254
PUT	46394
PUT	35034
GET	95364
GET	91588
PUT	32102
PUT	56796
GET	52734
GET	105025
GET	58631
PUT	18250
GET	17009
GET	80854
GET	102048
PUT	62805
PUT	1652
PUT	71016
GET	59981
PUT	40852
PUT	76980
GET	32886
PUT	32532
GET	75056
GET	26637
GET	60983
GET	36051
GET	132747
PUT	120589
GET	109353
GET	59571
PUT	90374
GET	92918
PUT	99527
GET	29125
PUT	101895
GET	106319
GET	85470
GET	90356
PUT	32184
PUT	72122
GET	99390
PUT	49550
PUT	63295
GET	52280
GET	40198
PUT	68176
GET	90351
PUT	110826
GET	2994
PUT	78145
PUT	2968
PUT	74972
PUT	70041
GET	99467
GET	7920
GET	59669
GET	22282
GET	77761
GET	37730
GET	87041
GET	92540
PUT	98565
PUT	36525
PUT	76857
GET	36746
GET	21945
GET	62815
PUT	12554
GET	12332
GET	37580
PUT	79460
GET	38306
GET	30831
PUT	45822
GET	27659
GET	50789
GET	55335
PUT	53088
PUT	59518
GET	54875
PUT	54199
GET	44147
GET	29730
GET	58185
PUT	41101
PUT	64171
PUT	47937
PUT	54313
GET	34315
GET	43920
GET	1017
GET	28375
PUT	44503
GET	30628
PUT	36176
GET	31570
GET	45161
GET	27301
GET	35590
GET	30012
GET	27697
GET	14156
GET	14425
GET	1010571
VALS	75	50	3
PUT	5340
PUT	3846
GET	407
GET	2831
PUT	6056
PUT	15296
PUT	8320
PUT	15406
GET	6245
PUT	13989
PUT	16430
PUT	26422
PUT	19259
PUT	12953
PUT	4216
PUT	25396
PUT	28968
GET	4259
GET	3924
GET	9220
PUT	24801
GET	6725
PUT	28150
PUT	28671
PUT	6014
GET	11322
PUT	5644
PUT	23623
PUT	6495
PUT	1835
GET	12279
GET	3417
GET	1149
PUT	6758
GET	3804
PUT	37837
GET	5076
PUT	39078
PUT	35986
GET	9455
GET	1471
PUT	9453
GET	12671
PUT	53816
GET	37121
PUT	53495
PUT	55691
PUT	45039
PUT	18571
GET	9082
GET	6779
PUT	48721
PUT	51047
GET	7071
PUT	56208
PUT	2417
PUT	51836
PUT	66179
PUT	54241
PUT	55664
PUT	59475
GET	7737
PUT	21846
GET	20650
GET	28544
PUT	63603
PUT	74125
GET	38710
PUT	65657
GET	6732
PUT	30061
PUT	33253
PUT	80314
PUT	87285
GET	27779
GET	4091
PUT	83996
PUT	82329
GET	1722
GET	71325
GET	67813
PUT	87051
PUT	90296
GET	64615
PUT	98907
GET	43124
PUT	90977
PUT	87423
GET	19002
PUT	40639
PUT	28538
PUT	105315
PUT	35736
GET	81078
GET	10182
GET	38243
GET	10600
PUT	100269
PUT	102398
PUT	105819
GET	7288
PUT	27448
GET	30722
PUT	106511
GET	55298
GET	53291
PUT	24779
GET	578
GET	103663
PUT	111267
PUT	14221
GET	48083
PUT	110325
GET	62831
PUT	33264
PUT	124238
GET	58811
PUT	16699
GET	27577
GET	69453
PUT	83097
GET	71451
PUT	12350
GET	541
PUT	2748
PUT	35118
PUT	15961
GET	23671
PUT	95827
PUT	535
GET	32024
PUT	62596
GET	2939
GET	25710
GET	1850
PUT	934
GET	14708
PUT	37849
GET	1023
GET	94181
PUT	1263
GET	40812
GET	79734
PUT	4272
GET	13932
PUT	25840
PUT	11981
PUT	56062
GET	77041
PUT	46156
PUT	16174
PUT	19959
GET	59326
GET	47029
PUT	87433
GET	60079
GET	14513
GET	78021
GET	30015
GET	12645
PUT	67783
GET	11040
PUT	69666
GET	PUT	92493
650
GET	13013
GET	44112
GET	7359
PUT	9066
PUT	10458
PUT	9234
PUT	46061
PUT	29449
GET	52802
GET	35166
GET	86603
GET	57652
PUT	60789
PUT	63128
GET	45795
PUT	20246
GET	63858
PUT	28793
PUT	71474
GET	91995
GET	432
GET	41094
PUT	83354
GET	54220
GET	16235
GET	82964
PUT	20673
PUT	29189
GET	47197
GET	11866
PUT	11142
GET	62010
GET	14401
GET	83773
PUT	49570
GET	82724
PUT	72155
PUT	13665
PUT	79888
GET	8548
GET	1574
PUT	16234
GET	76038
GET	19828
GET	19811
GET	34160
PUT	45620
GET	31231
PUT	16424
GET	40111
PUT	48938
PUT	70467
GET	61675
PUT	8723
GET	53327
PUT	44581
GET	64562
GET	7078
GET	4641
GET	53777
PUT	67462
GET	23330
PUT	50315
GET	37143
PUT	6677
GET	21800
PUT	58065
PUT	43396
GET	69951
PUT	57314
GET	47425
PUT	41097
PUT	52531
PUT	34744
GET	41076
GET	29281
GET	43013
GET	74999
GET	34030
GET	46979
PUT	62632
PUT	43190
PUT	49071
PUT	39614
PUT	59382
GET	2150
PUT	52380
GET	48088
GET	27997
PUT	14074
PUT	46363
PUT	48106
GET	25852
PUT	25629
GET	33588
PUT	55346
GET	30396
GET	21065
GET	20409
GET	39073
GET	44829
GET	47165
GET	19618
PUT	31693
GET	15825
GET	52092
GET	30820
GET	41008
GET	18120
GET	5054
PUT	4302
PUT	14891
PUT	36673
GET	37279
PUT	17767
GET	23034
PUT	28391
GET	29315
PUT	19619
PUT	25084
GET	30006
PUT	15907
GET	20204
GET	20679
GET	22319
GET	9190
GET	19421
GET	18922
GET	17234
GET	13155
GET	1006278
PUT	29020
GET	974
PUT	9879
GET	3564
VALS	80	50	3
PUT	1359
PUT	4944
PUT	3295
PUT	12936
PUT	8161
PUT	5850
PUT	12491
GET	7906
PUT	17270
PUT	14668
PUT	28666
PUT	20324
GET	7667
PUT	26016
GET	17022
GET	13491
PUT	26018
PUT	13463
PUT	1976
PUT	25770
GET	32176
GET	2128
PUT	8062
PUT	33530
PUT	32482
PUT	40041
PUT	40178
PUT	35242
GET	1437
PUT	44757
GET	11692
PUT	14607
PUT	36560
PUT	13120
PUT	41361
PUT	47533
PUT	54696
PUT	45040
GET	2076
PUT	51215
PUT	47413
PUT	49450
GET	46888
PUT	49906
PUT	1670
PUT	58285
GET	21725
GET	28935
GET	25538
GET	15013
PUT	65310
GET	8283
GET	32184
GET	20503
GET	30121
PUT	63054
PUT	63669
PUT	10624
GET	31170
PUT	7005
PUT	6200
PUT	76910
PUT	33150
PUT	68519
PUT	15445
PUT	67048
GET	23291
PUT	73294
PUT	13684
GET	76275
PUT	917
PUT	75626
GET	41032
PUT	78940
GET	16153
PUT	83838
GET	12286
GET	64732
PUT	92432
GET	21742
PUT	41228
PUT	96670
PUT	100406
GET	27639
PUT	101767
PUT	100878
PUT	55244
PUT	20493
GET	95338
GET	80949
PUT	101309
GET	23432
PUT	103571
GET	57116
PUT	104137
PUT	109712
PUT	32675
GET	2618
GET	1031
PUT	113249
PUT	1450
PUT	9122
GET	77453
GET	17082
GET	58628
GET	39502
PUT	5164
GET	52082
GET	12515
PUT	14694
GET	72211
GET	32916
GET	32315
GET	114295
PUT	39961
PUT	30766
PUT	11236
GET	23863
GET	34114
PUT	84364
GET	92434
GET	19349
GET	72449
GET	86802
GET	82106
PUT	30761
GET	92209
PUT	57826
GET	80398
PUT	117345
GET	122615
GET	994
GET	102981
GET	104779
PUT	1562
PUT	2591
GET	751
GET	819
GET	2450
PUT	445
GET	66218
PUT	1503
GET	78337
PUT	5005
GET	1024
GET	61875
GET	77944
PUT	4918
PUT	671
GET	9672
GET	66245
PUT	43948
GET	23602
PUT	2774
PUT	38533
PUT	14983
GET	6605
PUT	76945
GET	3278
GET	117776
PUT	4814
GET	32544
PUT	100213
GET	25244
GET	89750
PUT	67636
PUT	2352
PUT	24897
PUT	115194
GET	106932
PUT	45617
PUT	54447
GET	30244
GET	12968
PUT	46696
GET	2319
PUT	38604
GET	95340
GET	26543
GET	14165
GET	95298
PUT	44151
PUT	48547
GET	102761
GET	115305
PUT	86822
GET	21735
PUT	49186
PUT	51280
PUT	26966
PUT	7400
GET	37123
PUT	53963
GET	1656
GET	96588
GET	33160
GET	7373
PUT	10666
GET	92915
GET	9212
PUT	917
GET	100673
GET	34079
PUT	20266
PUT	49102
PUT	61997
GET	59564
GET	100367
PUT	101283
PUT	91755
GET	75924
GET	29816
PUT	1102
PUT	61968
PUT	51835
GET	3115
PUT	57440
PUT	74076
GET	31502
GET	69241
PUT	22364
GET	48323
GET	49562
GET	38590
PUT	31711
GET	19709
GET	PUT	2488127306

PUT	4909
GET	29820
PUT	38065
GET	75738
PUT	24701
PUT	49111
GET	52770
GET	36242
PUT	66880
GET	75678
GET	93936
GET	60949
PUT	43468
PUT	43244
GET	994
GET	21604
PUT	64937
PUT	73587
GET	58360
GET	5839
GET	65317
GET	48832
PUT	38764
GET	32417
PUT	35888
PUT	34953
GET	2026
PUT	68214
PUT	47299
GET	52299
PUT	9586
GET	36860
PUT	26113
PUT	45823
GET	34252
GET	7978
GET	60622
GET	73601
GET	56067
PUT	52915
GET	21130
GET	54745
GET	19405
GET	60369
GET	46011
GET	19495
GET	44448
PUT	49639
GET	34487
GET	54013
PUT	48775
PUT	5000
PUT	25808
GET	30221
GET	3238
GET	25458
GET	26213
GET	18895
PUT	39066
GET	35731
GET	9243
GET	16680
PUT	26270
PUT	26126
GET	17943
PUT	26918
GET	412
PUT	21176
GET	16738
GET	11772
GET	12389
GET	12526
VALS	85	50	3
PUT	5337
PUT	8323
PUT	8827
PUT	14053
PUT	28038
PUT	31399
PUT	33205
PUT	34665
PUT	29661
GET	4416
PUT	31847
PUT	33611
PUT	37378
PUT	34957
PUT	33725
PUT	47268
PUT	44644
PUT	44625
PUT	48005
GET	13465
GET	19272
PUT	55540
GET	45443
GET	1255
PUT	53507
PUT	55131
PUT	1772
GET	23419
GET	24610
PUT	55838
PUT	65690
GET	41782
PUT	65972
GET	38685
PUT	68471
PUT	70584
PUT	75255
PUT	74655
PUT	81359
GET	6630
PUT	78309
PUT	85158
GET	40740
GET	39775
PUT	89006
PUT	90083
PUT	90873
GET	88949
PUT	90363
GET	47953
PUT	52366
PUT	102420
PUT	104889
GET	47071
PUT	111896
PUT	25899
GET	56411
PUT	80466
PUT	50973
PUT	50045
PUT	74436
GET	97865
PUT	135632
PUT	135239
PUT	136058
GET	30466
PUT	137856
PUT	54150
PUT	145357
GET	88459
PUT	139365
GET	108245
GET	112255
PUT	144014
GET	277
PUT	142493
PUT	148448
GET	82587
GET	79383
GET	139069
PUT	143401
PUT	148354
GET	50509
GET	60751
GET	122326
PUT	97119
PUT	7699
PUT	62428
PUT	51211
GET	79893
GET	57943
GET	51488
GET	82139
GET	117263
GET	103662
GET	81284
GET	51197
GET	35669
GET	21583
GET	102402
PUT	31569
GET	36829
PUT	176761
PUT	26370
PUT	48348
PUT	68722
GET	336
GET	38483
GET	126154
GET	94989
PUT	26595
GET	70925
PUT	34624
PUT	136448
GET	105722
PUT	133970
GET	80413
GET	71948
PUT	53201
GET	119863
GET	50556
GET	42876
PUT	32542
PUT	34483
GET	69552
PUT	40013
GET	46255
PUT	18626
PUT	128419
GET	100033
PUT	265
PUT	9574
PUT	78696
PUT	18963
GET	258
PUT	126289
GET	180
PUT	37710
GET	10529
PUT	55177
GET	87644
PUT	48624
PUT	60080
GET	75166
GET	20609
PUT	75324
PUT	61593
GET	37533
PUT	13107
PUT	61974
GET	55430
GET	46335
GET	152847
PUT	83286
PUT	44724
PUT	15308
GET	67354
PUT	97493
GET	45746
PUT	58082
PUT	14679
PUT	66550
GET	62104
GET	116011
GET	112663
PUT	116086
PUT	111666
GET	107126
PUT	94618
PUT	70038
PUT	96406
PUT	122499
PUT	74342
GET	23206
GET	60976
GET	143085
PUT	73460
GET	55925
GET	32432
GET	53067
GET	45453
GET	104421
GET	95327
GET	57703
GET	105548
GET	59509
GET	22798
GET	27970
PUT	55356
GET	100811
GET	47062
GET	51073
GET	42527
GET	138266
PUT	95295
GET	76740
GET	96226
PUT	83975
PUT	38552
GET	94784
GET	76261
GET	101759
PUT	93726
GET	99
PUT	27616
PUT	74380
PUT	57163
PUT	28066
PUT	25240
PUT	137255
GET	66959
GET	88015
GET	106116
PUT	42841
PUT	52764
GET	48811
PUT	40799
PUT	6333
GET	64375
GET	58972
GET	8599
GET	19812
PUT	77810
GET	19430
PUT	42291
GET	92306
PUT	114703
PUT	47417
PUT	60730
PUT	122662
PUT	49216
PUT	69224
GET	55483
PUT	92473
GET	51213
GET	90018
PUT	58281
PUT	83345
PUT	75815
PUT	80196
PUT	50355
PUT	21031
GET	108902
GET	47460
GET	113945
GET	38255
GET	51561
GET	60141
GET	63532
PUT	104615
PUT	95249
GET	36084
GET	65987
PUT	60229
GET	83999
PUT	12118
PUT	51741
GET	42752
PUT	64474
GET	8543
GET	29884
PUT	91980
GET	27048
GET	27624
GET	58353
GET	57982
PUT	17819
GET	88535
GET	24627
GET	78076
GET	118001
GET	59959
GET	72124
GET	50680
GET	22734
GET	63929
GET	76608
GET	59889
PUT	64894
GET	347
PUT	18169
GET	36855
GET	25348
GET	48126
PUT	11052
PUT	3377
GET	36988
GET	67625
GET	48163
PUT	29082
GET	9602
PUT	36813
GET	16170
PUT	33180
PUT	26254
GET	13832
GET	12447
GET	10793
GET	12864
GET	14142
VALS	90	50	3
PUT	502
PUT	1425
GET	2178
PUT	7282
PUT	7600
PUT	10892
PUT	15720
PUT	22012
GET	9684
GET	13261
PUT	22925
PUT	2358
PUT	5931
PUT	27649
PUT	32308
PUT	31217
PUT	36180
PUT	34669
GET	5618
PUT	29880
PUT	2308
PUT	29286
PUT	30243
GET	11212
GET	1277
GET	4271
PUT	41905
GET	27716
PUT	41314
PUT	45531
GET	20577
GET	17818
GET	50680
PUT	44438
PUT	10848
GET	2984
PUT	14218
GET	254
PUT	49764
GET	20541
PUT	48995
GET	40095
PUT	11002
PUT	52885
GET	18548
PUT	62837
PUT	56600
PUT	64864
PUT	22598
GET	21295
PUT	59739
GET	58122
PUT	64259
PUT	69960
PUT	67173
GET	30206
PUT	77044
PUT	78445
PUT	75897
PUT	78728
GET	48502
PUT	79167
GET	1881
GET	27985
PUT	84852
GET	24026
PUT	93540
PUT	43548
GET	36315
GET	59729
GET	1199
PUT	9506
PUT	94629
PUT	92516
PUT	99719
PUT	94515
PUT	44517
PUT	97033
GET	54140
GET	72316
PUT	98227
PUT	45135
GET	47863
PUT	27034
PUT	105586
PUT	107696
PUT	112418
PUT	108503
GET	46724
PUT	116345
GET	24642
GET	57064
GET	42170
PUT	18194
PUT	124586
GET	94103
PUT	121022
PUT	122820
PUT	75575
GET	55906
GET	917
PUT	62040
GET	42041
GET	12727
GET	33747
GET	3253
GET	68575
GET	103729
PUT	20376
GET	85684
PUT	49821
GET	29726
GET	38206
PUT	8544
PUT	99311
PUT	81330
GET	85442
GET	4560
GET	68857
PUT	25215
PUT	48463
GET	53791
GET	3065
PUT	4913
PUT	21092
GET	60269
PUT	3897
GET	50225
GET	59384
GET	72745
GET	15449
GET	4968
GET	59140
GET	99863
PUT	45294
GET	27152
PUT	34123
PUT	113663
PUT	26653
PUT	22814
GET	96588
PUT	34302
GET	96820
PUT	26774
PUT	19356
GET	28759
PUT	106373
PUT	68526
GET	84780
GET	83618
PUT	43602
PUT	52822
GET	81218
GET	80700
PUT	21926
PUT	99300
PUT	30980
GET	70467
GET	22710
GET	47955
GET	22354
GET	125537
GET	29835
PUT	117642
GET	32826
PUT	110806
PUT	23487
GET	2915
PUT	47671
GET	19146
GET	55586
GET	44109
GET	28586
GET	70431
PUT	73428
GET	21384
GET	11109
PUT	108579
PUT	57437
GET	102210
PUT	24094
PUT	55692
GET	30636
GET	111387
PUT	60352
PUT	95786
GET	42940
GET	103225
PUT	74629
GET	40140
GET	104408
GET	19807
GET	81548
GET	34019
GET	19794
PUT	95368
GET	8457
GET	27709
GET	73374
PUT	119
PUT	71624
PUT	47619
GET	61082
PUT	10766
PUT	46459
GET	74338
PUT	59396
PUT	63368
PUT	80664
PUT	48832
PUT	63044
PUT	32854
PUT	74863
GET	22375
PUT	35021
PUT	76294
PUT	81437
GET	13742
GET	91570
GET	48548
GET	15833
GET	8736
PUT	26620
PUT	43465
PUT	87209
PUT	37744
PUT	76729
PUT	80681
GET	84839
GET	71410
GET	73722
PUT	76553
GET	47867
GET	48682
PUT	66637
GET	42131
PUT	83011
GET	25557
GET	46001
GET	19958
GET	40264
GET	8154
GET	6897
PUT	75712
GET	86997
PUT	80879
PUT	87194
PUT	86078
GET	66148
GET	40666
GET	69825
GET	64419
GET	78069
GET	82600
GET	60179
PUT	36620
GET	12351
GET	85720
PUT	60364
PUT	14227
PUT	60002
PUT	93436
PUT	79246
PUT	69836
GET	56515
GET	52610
PUT	71980
GET	8568
GET	32088
GET	60171
GET	56195
GET	37752
PUT	44720
PUT	25188
PUT	37535
GET	45909
PUT	51230
GET	34373
PUT	41967
PUT	45377
GET	36286
PUT	44044
GET	36812
GET	33907
PUT	45197
PUT	13040
GET	39025
GET	24354
GET	49386
GET	39991
PUT	33815
GET	26666
GET	21361
GET	35827
GET	27467
GET	16190
GET	24717
GET	32329
GET	12529
GET	23700
VALS	95	50	3
PUT	2764
PUT	3600
PUT	2450
GET	1307
PUT	6826
PUT	7480
PUT	9240
PUT	12495
PUT	18557
GET	8521
PUT	17714
PUT	4830
GET	23046
PUT	24178
PUT	29734
PUT	26306
GET	25400
PUT	35633
PUT	36472
GET	29724
PUT	42041
PUT	44049
PUT	6184
PUT	39643
PUT	40135
PUT	5098
PUT	42657
PUT	42966
GET	23793
PUT	57512
PUT	53720
PUT	58395
GET	39811
PUT	59421
GET	2291
PUT	62215
GET	26637
PUT	4799
PUT	66940
PUT	66714
GET	14165
PUT	71892
PUT	67960
PUT	69725
PUT	77753
PUT	75384
PUT	80640
GET	39896
PUT	77674
GET	17363
GET	40970
GET	42039
GET	86127
PUT	86886
PUT	85397
PUT	88598
GET	1017
GET	48182
PUT	92358
PUT	15268
GET	52171
PUT	94716
GET	8619
GET	61018
PUT	18818
GET	59860
PUT	24316
PUT	110364
PUT	106723
GET	94178
PUT	106709
PUT	109254
PUT	110852
GET	10335
PUT	112322
PUT	113276
GET	90798
PUT	119928
GET	57367
PUT	120915
GET	51077
GET	33755
PUT	102073
PUT	62685
GET	514
PUT	125716
PUT	127561
GET	102061
PUT	131841
GET	116753
GET	56809
GET	96275
GET	83643
PUT	49027
GET	67237
GET	90041
GET	101627
PUT	83619
GET	69133
PUT	45904
GET	55443
PUT	2954
PUT	31327
PUT	51098
GET	43202
PUT	61978
PUT	110684
PUT	68162
GET	33809
GET	131881
GET	91998
GET	50013
GET	16544
GET	7791
GET	89858
GET	60430
PUT	83929
PUT	63994
GET	100101
PUT	56602
GET	24291
PUT	52773
GET	105851
GET	65432
PUT	18200
GET	39027
GET	28483
GET	74476
PUT	115617
GET	28348
PUT	60905
GET	75600
GET	24844
PUT	44761
PUT	63431
PUT	21412
GET	130999
GET	86139
GET	48442
GET	114206
GET	78272
PUT	77459
GET	51384
PUT	61981
GET	11541
PUT	105475
GET	95910
GET	120510
PUT	92667
PUT	3310
PUT	57262
GET	19739
PUT	60857
PUT	78015
PUT	97552
PUT	27313
PUT	139085
GET	12464
GET	1304
GET	54480
GET	82014
PUT	33041
PUT	38105
GET	16468
PUT	72886
PUT	90465
PUT	64544
PUT	11742
GET	3337
PUT	91526
PUT	77375
GET	15934
GET	563
PUT	34596
GET	137426
GET	38720
GET	54387
PUT	771
GET	142898
GET	120137
PUT	85092
GET	126501
GET	95804
GET	31684
PUT	93995
GET	40325
PUT	62555
PUT	123809
PUT	10524
PUT	85489
PUT	35369
GET	89377
GET	34466
GET	71312
PUT	91664
PUT	138039
PUT	43334
GET	57811
GET	114572
GET	34442
GET	83331
GET	120055
PUT	123932
PUT	102813
GET	35096
GET	70470
GET	59931
PUT	45591
GET	50642
PUT	81372
PUT	56206
GET	55986
PUT	122033
PUT	93688
PUT	82328
PUT	103999
GET	79895
GET	121792
PUT	24575
PUT	118005
PUT	129315
GET	64297
PUT	89191
PUT	128222
PUT	70444
GET	124628
GET	91223
GET	83522
GET	108395
GET	36427
GET	115533
GET	111838
GET	120272
PUT	110688
PUT	106082
GET	94993
GET	88156
PUT	79937
PUT	109868
PUT	64128
GET	33459
GET	54203
PUT	97377
PUT	23048
GET	73869
GET	43214
PUT	32668
PUT	38015
GET	127174
PUT	49837
GET	81322
PUT	49906
GET	33126
GET	92318
PUT	105380
GET	67214
GET	31352
PUT	59380
GET	82918
PUT	96413
PUT	92077
GET	93380
GET	91347
GET	93416
GET	80361
GET	26986
GET	17169
GET	85811
GET	12004
PUT	93763
GET	54120
GET	68550
GET	94030
GET	65026
GET	54157
PUT	9656
GET	38894
PUT	54423
GET	76996
GET	41537
GET	56103
GET	37183
PUT	48074
GET	25397
PUT	59497
PUT	53873
GET	21352
GET	6926
GET	4448
GET	21497
GET	47088
PUT	44631
PUT	34509
PUT	44343
PUT	27268
GET	9988
GET	21896
GET	17471
GET	18674
GET	16904
VALS	100	50	3
PUT	5408
PUT	5876
PUT	6708
GET	7389
PUT	20474
PUT	24076
PUT	8062
PUT	22834
PUT	30320
GET	8531
GET	28855
PUT	31093
GET	16641
PUT	3852
PUT	40400
PUT	37584
PUT	40611
PUT	46198
PUT	43585
PUT	44720
GET	3743
PUT	15765
PUT	53110
PUT	51763
PUT	59538
GET	27636
PUT	65880
PUT	63265
PUT	64718
GET	22924
PUT	74977
GET	13038
PUT	74024
PUT	79780
PUT	77723
GET	2550
PUT	80798
PUT	82393
GET	34140
GET	47181
PUT	86823
PUT	86941
GET	8960
PUT	7408
PUT	93509
PUT	94834
PUT	95757
PUT	96157
GET	50953
PUT	95626
GET	46700
GET	6664
PUT	98327
PUT	100824
PUT	102756
GET	50558
PUT	104412
PUT	106176
PUT	46066
PUT	110027
GET	107479
GET	47804
PUT	115662
PUT	115030
PUT	121902
PUT	118557
GET	17066
PUT	119938
PUT	123400
GET	100051
PUT	123733
GET	107451
GET	32817
PUT	130426
PUT	131585
PUT	131188
GET	68076
PUT	133878
PUT	14893
GET	61516
GET	48044
PUT	111978
GET	8793
PUT	33098
PUT	49652
PUT	61794
GET	112353
PUT	25439
GET	31257
GET	111464
GET	54465
PUT	50495
GET	37199
PUT	59259
PUT	58493
GET	89049
GET	131520
PUT	90411
GET	6686
GET	103026
PUT	86377
GET	91612
PUT	6093
GET	3710
GET	19812
GET	13596
GET	79286
PUT	50266
GET	44774
GET	76008
PUT	68239
GET	147238
PUT	140067
GET	99952
PUT	54679
PUT	100252
GET	96004
PUT	125204
GET	63237
GET	51233
PUT	22953
GET	116350
GET	53051
GET	99968
GET	115383
GET	52008
GET	102814
GET	29222
GET	124557
GET	92782
GET	21450
PUT	85809
GET	30471
GET	105596
PUT	71309
PUT	99378
PUT	49450
GET	118941
PUT	43795
GET	125955
GET	116560
GET	90397
GET	66439
PUT	1234
PUT	77109
PUT	GET	10657888018

GET	91879
PUT	80569
GET	110955
GET	125409
PUT	45911
GET	58104
PUT	74548
GET	127640
PUT	99372
GET	634
PUT	34969
PUT	92071
GET	71465
PUT	112338
PUT	30539
PUT	120171
PUT	94927
PUT	112052
GET	30027
PUT	92324
GET	6817
GET	124318
GET	44061
PUT	87191
PUT	82410
PUT	79192
GET	58058
GET	102866
GET	37158
PUT	86765
GET	24789
GET	32459
GET	30070
PUT	38799
GET	399
PUT	102680
PUT	27733
GET	61335
PUT	87578
PUT	102906
GET	107016
PUT	121986
GET	5098
PUT	57214
PUT	90388
GET	82016
PUT	73364
PUT	45183
PUT	107642
GET	90556
PUT	61344
PUT	112054
PUT	120535
GET	3039
PUT	78390
PUT	44617
GET	28002
GET	922
PUT	98714
PUT	109464
PUT	92418
GET	81895
GET	20155
PUT	36578
PUT	107889
GET	111193
GET	104736
GET	100403
PUT	127149
GET	484
PUT	36051
GET	61516
GET	89522
GET	69659
GET	55770
GET	87131
GET	30725
GET	47268
PUT	105069
GET	83128
GET	60022
PUT	115197
GET	38780
GET	97636
GET	45933
GET	96123
GET	91858
PUT	100043
GET	69794
GET	70649
GET	42813
GET	28684
PUT	93408
PUT	24383
PUT	61907
GET	8554
GET	62863
PUT	47479
PUT	29757
GET	75237
GET	60678
PUT	19549
GET	22161
PUT	43715
PUT	46265
GET	69186
PUT	43739
GET	3307
GET	63993
GET	47086
PUT	58011
PUT	56822
GET	15845
PUT	62566
GET	50827
PUT	38620
PUT	71166
PUT	50556
GET	75072
PUT	59102
GET	40651
PUT	76177
GET	24382
GET	1296
GET	29645
PUT	79443
PUT	64335
GET	20915
GET	583
PUT	64659
PUT	50265
GET	41159
GET	58642
PUT	48418
GET	37686
GET	20527
PUT	47857
GET	11848
GET	48551
GET	32764
GET	39138
GET	33308
GET	10650
PUT	42985
GET	42076
PUT	51482
GET	43407
PUT	43212
GET	24726
GET	18595
GET	11003
GET	17989
GET	12758
